1,1,0.0055248618784530384,ExampleAgent@3,(Offer  bid:Bid[Food: Chips and Nuts, Drinks: Beer Only, Location: Party Room, Invitations: Custom, Handmade, Music: DJ, Cleanup: Specialized Materials, ])
1,2,0.0055248618784530384,ParsAgent2@4,(Offer  bid:Bid[Food: Catering, Drinks: Handmade Cocktails, Location: Party Room, Invitations: Custom, Printed, Music: MP3, Cleanup: Water and Soap, ])
1,3,0.0055248618784530384,ParsCat@5,(Offer  bid:Bid[Food: Chips and Nuts, Drinks: Non-Alcoholic, Location: Party Tent, Invitations: Custom, Printed, Music: Band, Cleanup: Hired Help, ])
2,1,0.011049723756906077,ExampleAgent@3,(Offer  bid:Bid[Food: Chips and Nuts, Drinks: Beer Only, Location: Party Room, Invitations: Custom, Handmade, Music: DJ, Cleanup: Specialized Materials, ])
2,2,0.011049723756906077,ParsAgent2@4,(Offer  bid:Bid[Food: Catering, Drinks: Handmade Cocktails, Location: Party Room, Invitations: Custom, Printed, Music: MP3, Cleanup: Water and Soap, ])
2,3,0.011049723756906077,ParsCat@5,(Offer  bid:Bid[Food: Chips and Nuts, Drinks: Non-Alcoholic, Location: Party Tent, Invitations: Custom, Printed, Music: Band, Cleanup: Hired Help, ])
3,1,0.016574585635359115,ExampleAgent@3,(Offer  bid:Bid[Food: Chips and Nuts, Drinks: Beer Only, Location: Party Room, Invitations: Custom, Handmade, Music: DJ, Cleanup: Specialized Materials, ])
3,2,0.016574585635359115,ParsAgent2@4,(Offer  bid:Bid[Food: Catering, Drinks: Handmade Cocktails, Location: Party Room, Invitations: Custom, Printed, Music: MP3, Cleanup: Water and Soap, ])
3,3,0.016574585635359115,ParsCat@5,(Offer  bid:Bid[Food: Chips and Nuts, Drinks: Non-Alcoholic, Location: Party Tent, Invitations: Plain, Music: Band, Cleanup: Hired Help, ])
4,1,0.022099447513812154,ExampleAgent@3,(Offer  bid:Bid[Food: Chips and Nuts, Drinks: Beer Only, Location: Party Room, Invitations: Custom, Handmade, Music: DJ, Cleanup: Specialized Materials, ])
4,2,0.022099447513812154,ParsAgent2@4,(Offer  bid:Bid[Food: Catering, Drinks: Handmade Cocktails, Location: Party Room, Invitations: Custom, Printed, Music: MP3, Cleanup: Water and Soap, ])
4,3,0.022099447513812154,ParsCat@5,(Offer  bid:Bid[Food: Chips and Nuts, Drinks: Non-Alcoholic, Location: Party Tent, Invitations: Custom, Printed, Music: Band, Cleanup: Hired Help, ])
5,1,0.027624309392265192,ExampleAgent@3,(Offer  bid:Bid[Food: Chips and Nuts, Drinks: Beer Only, Location: Party Room, Invitations: Custom, Handmade, Music: DJ, Cleanup: Specialized Materials, ])
5,2,0.027624309392265192,ParsAgent2@4,(Offer  bid:Bid[Food: Catering, Drinks: Handmade Cocktails, Location: Party Room, Invitations: Custom, Printed, Music: MP3, Cleanup: Water and Soap, ])
5,3,0.027624309392265192,ParsCat@5,(Offer  bid:Bid[Food: Chips and Nuts, Drinks: Non-Alcoholic, Location: Party Tent, Invitations: Plain, Music: MP3, Cleanup: Hired Help, ])
6,1,0.03314917127071823,ExampleAgent@3,(Offer  bid:Bid[Food: Chips and Nuts, Drinks: Beer Only, Location: Party Room, Invitations: Custom, Handmade, Music: DJ, Cleanup: Specialized Materials, ])
6,2,0.03314917127071823,ParsAgent2@4,(Offer  bid:Bid[Food: Catering, Drinks: Handmade Cocktails, Location: Party Room, Invitations: Custom, Printed, Music: MP3, Cleanup: Water and Soap, ])
6,3,0.03314917127071823,ParsCat@5,(Offer  bid:Bid[Food: Chips and Nuts, Drinks: Non-Alcoholic, Location: Party Tent, Invitations: Custom, Printed, Music: Band, Cleanup: Hired Help, ])
7,1,0.03867403314917127,ExampleAgent@3,(Offer  bid:Bid[Food: Chips and Nuts, Drinks: Beer Only, Location: Party Room, Invitations: Custom, Handmade, Music: DJ, Cleanup: Specialized Materials, ])
7,2,0.03867403314917127,ParsAgent2@4,(Offer  bid:Bid[Food: Catering, Drinks: Handmade Cocktails, Location: Party Room, Invitations: Custom, Printed, Music: MP3, Cleanup: Water and Soap, ])
7,3,0.03867403314917127,ParsCat@5,(Offer  bid:Bid[Food: Chips and Nuts, Drinks: Non-Alcoholic, Location: Party Tent, Invitations: Photo, Music: Band, Cleanup: Hired Help, ])
8,1,0.04419889502762431,ExampleAgent@3,(Offer  bid:Bid[Food: Chips and Nuts, Drinks: Beer Only, Location: Party Room, Invitations: Custom, Handmade, Music: DJ, Cleanup: Specialized Materials, ])
8,2,0.04419889502762431,ParsAgent2@4,(Offer  bid:Bid[Food: Catering, Drinks: Handmade Cocktails, Location: Party Room, Invitations: Custom, Printed, Music: MP3, Cleanup: Water and Soap, ])
8,3,0.04419889502762431,ParsCat@5,(Offer  bid:Bid[Food: Chips and Nuts, Drinks: Non-Alcoholic, Location: Party Tent, Invitations: Plain, Music: MP3, Cleanup: Hired Help, ])
9,1,0.049723756906077346,ExampleAgent@3,(Offer  bid:Bid[Food: Chips and Nuts, Drinks: Beer Only, Location: Party Room, Invitations: Custom, Handmade, Music: DJ, Cleanup: Specialized Materials, ])
9,2,0.049723756906077346,ParsAgent2@4,(Offer  bid:Bid[Food: Catering, Drinks: Handmade Cocktails, Location: Party Room, Invitations: Custom, Printed, Music: MP3, Cleanup: Water and Soap, ])
9,3,0.049723756906077346,ParsCat@5,(Offer  bid:Bid[Food: Chips and Nuts, Drinks: Non-Alcoholic, Location: Party Tent, Invitations: Custom, Printed, Music: MP3, Cleanup: Hired Help, ])
10,1,0.055248618784530384,ExampleAgent@3,(Offer  bid:Bid[Food: Chips and Nuts, Drinks: Beer Only, Location: Party Room, Invitations: Custom, Handmade, Music: DJ, Cleanup: Specialized Materials, ])
10,2,0.055248618784530384,ParsAgent2@4,(Offer  bid:Bid[Food: Catering, Drinks: Handmade Cocktails, Location: Party Room, Invitations: Custom, Printed, Music: MP3, Cleanup: Water and Soap, ])
10,3,0.055248618784530384,ParsCat@5,(Offer  bid:Bid[Food: Chips and Nuts, Drinks: Non-Alcoholic, Location: Party Tent, Invitations: Custom, Printed, Music: Band, Cleanup: Hired Help, ])
11,1,0.06077348066298342,ExampleAgent@3,(Offer  bid:Bid[Food: Chips and Nuts, Drinks: Beer Only, Location: Party Room, Invitations: Custom, Handmade, Music: DJ, Cleanup: Specialized Materials, ])
11,2,0.06077348066298342,ParsAgent2@4,(Offer  bid:Bid[Food: Catering, Drinks: Handmade Cocktails, Location: Party Room, Invitations: Custom, Printed, Music: MP3, Cleanup: Water and Soap, ])
11,3,0.06077348066298342,ParsCat@5,(Offer  bid:Bid[Food: Chips and Nuts, Drinks: Non-Alcoholic, Location: Ballroom, Invitations: Plain, Music: MP3, Cleanup: Hired Help, ])
12,1,0.06629834254143646,ExampleAgent@3,(Offer  bid:Bid[Food: Chips and Nuts, Drinks: Beer Only, Location: Party Room, Invitations: Custom, Handmade, Music: DJ, Cleanup: Specialized Materials, ])
12,2,0.06629834254143646,ParsAgent2@4,(Offer  bid:Bid[Food: Catering, Drinks: Handmade Cocktails, Location: Party Room, Invitations: Custom, Printed, Music: MP3, Cleanup: Water and Soap, ])
12,3,0.06629834254143646,ParsCat@5,(Offer  bid:Bid[Food: Chips and Nuts, Drinks: Non-Alcoholic, Location: Party Tent, Invitations: Custom, Printed, Music: Band, Cleanup: Hired Help, ])
13,1,0.0718232044198895,ExampleAgent@3,(Offer  bid:Bid[Food: Chips and Nuts, Drinks: Beer Only, Location: Party Room, Invitations: Custom, Handmade, Music: DJ, Cleanup: Specialized Materials, ])
13,2,0.0718232044198895,ParsAgent2@4,(Offer  bid:Bid[Food: Catering, Drinks: Handmade Cocktails, Location: Party Room, Invitations: Custom, Printed, Music: MP3, Cleanup: Water and Soap, ])
13,3,0.0718232044198895,ParsCat@5,(Offer  bid:Bid[Food: Chips and Nuts, Drinks: Non-Alcoholic, Location: Party Tent, Invitations: Photo, Music: Band, Cleanup: Hired Help, ])
14,1,0.07734806629834254,ExampleAgent@3,(Offer  bid:Bid[Food: Chips and Nuts, Drinks: Beer Only, Location: Party Room, Invitations: Custom, Handmade, Music: DJ, Cleanup: Specialized Materials, ])
14,2,0.07734806629834254,ParsAgent2@4,(Offer  bid:Bid[Food: Catering, Drinks: Handmade Cocktails, Location: Party Room, Invitations: Custom, Printed, Music: MP3, Cleanup: Water and Soap, ])
14,3,0.07734806629834254,ParsCat@5,(Offer  bid:Bid[Food: Chips and Nuts, Drinks: Non-Alcoholic, Location: Party Tent, Invitations: Photo, Music: Band, Cleanup: Hired Help, ])
15,1,0.08287292817679558,ExampleAgent@3,(Offer  bid:Bid[Food: Chips and Nuts, Drinks: Beer Only, Location: Party Room, Invitations: Custom, Handmade, Music: DJ, Cleanup: Specialized Materials, ])
15,2,0.08287292817679558,ParsAgent2@4,(Offer  bid:Bid[Food: Catering, Drinks: Handmade Cocktails, Location: Party Room, Invitations: Custom, Printed, Music: MP3, Cleanup: Water and Soap, ])
15,3,0.08287292817679558,ParsCat@5,(Offer  bid:Bid[Food: Chips and Nuts, Drinks: Non-Alcoholic, Location: Ballroom, Invitations: Custom, Printed, Music: Band, Cleanup: Hired Help, ])
16,1,0.08839779005524862,ExampleAgent@3,(Offer  bid:Bid[Food: Chips and Nuts, Drinks: Beer Only, Location: Party Room, Invitations: Custom, Handmade, Music: DJ, Cleanup: Specialized Materials, ])
16,2,0.08839779005524862,ParsAgent2@4,(Offer  bid:Bid[Food: Catering, Drinks: Handmade Cocktails, Location: Party Room, Invitations: Custom, Printed, Music: MP3, Cleanup: Water and Soap, ])
16,3,0.08839779005524862,ParsCat@5,(Offer  bid:Bid[Food: Chips and Nuts, Drinks: Non-Alcoholic, Location: Party Tent, Invitations: Plain, Music: MP3, Cleanup: Special Equiment, ])
17,1,0.09392265193370165,ExampleAgent@3,(Offer  bid:Bid[Food: Chips and Nuts, Drinks: Beer Only, Location: Party Room, Invitations: Custom, Handmade, Music: DJ, Cleanup: Specialized Materials, ])
17,2,0.09392265193370165,ParsAgent2@4,(Offer  bid:Bid[Food: Catering, Drinks: Handmade Cocktails, Location: Party Room, Invitations: Custom, Printed, Music: MP3, Cleanup: Water and Soap, ])
17,3,0.09392265193370165,ParsCat@5,(Offer  bid:Bid[Food: Chips and Nuts, Drinks: Non-Alcoholic, Location: Ballroom, Invitations: Custom, Printed, Music: Band, Cleanup: Hired Help, ])
18,1,0.09944751381215469,ExampleAgent@3,(Offer  bid:Bid[Food: Chips and Nuts, Drinks: Beer Only, Location: Party Room, Invitations: Custom, Handmade, Music: DJ, Cleanup: Specialized Materials, ])
18,2,0.09944751381215469,ParsAgent2@4,(Offer  bid:Bid[Food: Catering, Drinks: Handmade Cocktails, Location: Party Room, Invitations: Custom, Printed, Music: MP3, Cleanup: Water and Soap, ])
18,3,0.09944751381215469,ParsCat@5,(Offer  bid:Bid[Food: Chips and Nuts, Drinks: Non-Alcoholic, Location: Party Tent, Invitations: Custom, Handmade, Music: Band, Cleanup: Hired Help, ])
19,1,0.10497237569060773,ExampleAgent@3,(Offer  bid:Bid[Food: Chips and Nuts, Drinks: Beer Only, Location: Party Room, Invitations: Custom, Handmade, Music: DJ, Cleanup: Specialized Materials, ])
19,2,0.10497237569060773,ParsAgent2@4,(Offer  bid:Bid[Food: Catering, Drinks: Handmade Cocktails, Location: Party Room, Invitations: Custom, Printed, Music: MP3, Cleanup: Water and Soap, ])
19,3,0.10497237569060773,ParsCat@5,(Offer  bid:Bid[Food: Chips and Nuts, Drinks: Non-Alcoholic, Location: Party Tent, Invitations: Custom, Printed, Music: Band, Cleanup: Special Equiment, ])
20,1,0.11049723756906077,ExampleAgent@3,(Offer  bid:Bid[Food: Chips and Nuts, Drinks: Beer Only, Location: Party Room, Invitations: Custom, Handmade, Music: DJ, Cleanup: Specialized Materials, ])
20,2,0.11049723756906077,ParsAgent2@4,(Offer  bid:Bid[Food: Catering, Drinks: Handmade Cocktails, Location: Party Room, Invitations: Custom, Printed, Music: MP3, Cleanup: Water and Soap, ])
20,3,0.11049723756906077,ParsCat@5,(Offer  bid:Bid[Food: Chips and Nuts, Drinks: Non-Alcoholic, Location: Ballroom, Invitations: Photo, Music: Band, Cleanup: Hired Help, ])
21,1,0.11602209944751381,ExampleAgent@3,(Offer  bid:Bid[Food: Chips and Nuts, Drinks: Beer Only, Location: Party Room, Invitations: Custom, Handmade, Music: DJ, Cleanup: Specialized Materials, ])
21,2,0.11602209944751381,ParsAgent2@4,(Offer  bid:Bid[Food: Catering, Drinks: Handmade Cocktails, Location: Party Room, Invitations: Custom, Printed, Music: MP3, Cleanup: Water and Soap, ])
21,3,0.11602209944751381,ParsCat@5,(Offer  bid:Bid[Food: Chips and Nuts, Drinks: Non-Alcoholic, Location: Ballroom, Invitations: Custom, Printed, Music: Band, Cleanup: Hired Help, ])
22,1,0.12154696132596685,ExampleAgent@3,(Offer  bid:Bid[Food: Chips and Nuts, Drinks: Beer Only, Location: Party Room, Invitations: Custom, Handmade, Music: DJ, Cleanup: Specialized Materials, ])
22,2,0.12154696132596685,ParsAgent2@4,(Offer  bid:Bid[Food: Catering, Drinks: Handmade Cocktails, Location: Party Room, Invitations: Custom, Printed, Music: MP3, Cleanup: Water and Soap, ])
22,3,0.12154696132596685,ParsCat@5,(Offer  bid:Bid[Food: Chips and Nuts, Drinks: Non-Alcoholic, Location: Ballroom, Invitations: Plain, Music: MP3, Cleanup: Hired Help, ])
23,1,0.1270718232044199,ExampleAgent@3,(Offer  bid:Bid[Food: Chips and Nuts, Drinks: Beer Only, Location: Party Room, Invitations: Custom, Handmade, Music: DJ, Cleanup: Specialized Materials, ])
23,2,0.1270718232044199,ParsAgent2@4,(Offer  bid:Bid[Food: Catering, Drinks: Handmade Cocktails, Location: Party Room, Invitations: Custom, Printed, Music: MP3, Cleanup: Water and Soap, ])
23,3,0.1270718232044199,ParsCat@5,(Offer  bid:Bid[Food: Chips and Nuts, Drinks: Non-Alcoholic, Location: Party Tent, Invitations: Custom, Handmade, Music: Band, Cleanup: Hired Help, ])
24,1,0.13259668508287292,ExampleAgent@3,(Offer  bid:Bid[Food: Chips and Nuts, Drinks: Beer Only, Location: Party Room, Invitations: Custom, Handmade, Music: DJ, Cleanup: Specialized Materials, ])
24,2,0.13259668508287292,ParsAgent2@4,(Offer  bid:Bid[Food: Catering, Drinks: Handmade Cocktails, Location: Party Room, Invitations: Custom, Printed, Music: MP3, Cleanup: Water and Soap, ])
24,3,0.13259668508287292,ParsCat@5,(Offer  bid:Bid[Food: Chips and Nuts, Drinks: Non-Alcoholic, Location: Ballroom, Invitations: Plain, Music: MP3, Cleanup: Hired Help, ])
25,1,0.13812154696132597,ExampleAgent@3,(Offer  bid:Bid[Food: Chips and Nuts, Drinks: Beer Only, Location: Party Room, Invitations: Custom, Handmade, Music: DJ, Cleanup: Specialized Materials, ])
25,2,0.13812154696132597,ParsAgent2@4,(Offer  bid:Bid[Food: Catering, Drinks: Handmade Cocktails, Location: Party Room, Invitations: Custom, Printed, Music: MP3, Cleanup: Water and Soap, ])
25,3,0.13812154696132597,ParsCat@5,(Offer  bid:Bid[Food: Chips and Nuts, Drinks: Non-Alcoholic, Location: Party Tent, Invitations: Custom, Printed, Music: MP3, Cleanup: Hired Help, ])
26,1,0.143646408839779,ExampleAgent@3,(Offer  bid:Bid[Food: Chips and Nuts, Drinks: Beer Only, Location: Party Room, Invitations: Custom, Handmade, Music: DJ, Cleanup: Specialized Materials, ])
26,2,0.143646408839779,ParsAgent2@4,(Offer  bid:Bid[Food: Catering, Drinks: Handmade Cocktails, Location: Party Room, Invitations: Custom, Printed, Music: MP3, Cleanup: Water and Soap, ])
26,3,0.143646408839779,ParsCat@5,(Offer  bid:Bid[Food: Chips and Nuts, Drinks: Non-Alcoholic, Location: Party Tent, Invitations: Custom, Printed, Music: MP3, Cleanup: Hired Help, ])
27,1,0.14917127071823205,ExampleAgent@3,(Offer  bid:Bid[Food: Chips and Nuts, Drinks: Beer Only, Location: Party Room, Invitations: Custom, Handmade, Music: DJ, Cleanup: Specialized Materials, ])
27,2,0.14917127071823205,ParsAgent2@4,(Offer  bid:Bid[Food: Catering, Drinks: Handmade Cocktails, Location: Party Room, Invitations: Custom, Printed, Music: MP3, Cleanup: Water and Soap, ])
27,3,0.14917127071823205,ParsCat@5,(Offer  bid:Bid[Food: Chips and Nuts, Drinks: Non-Alcoholic, Location: Ballroom, Invitations: Custom, Printed, Music: MP3, Cleanup: Hired Help, ])
28,1,0.15469613259668508,ExampleAgent@3,(Offer  bid:Bid[Food: Chips and Nuts, Drinks: Beer Only, Location: Party Room, Invitations: Custom, Handmade, Music: DJ, Cleanup: Specialized Materials, ])
28,2,0.15469613259668508,ParsAgent2@4,(Offer  bid:Bid[Food: Catering, Drinks: Handmade Cocktails, Location: Party Room, Invitations: Custom, Printed, Music: MP3, Cleanup: Water and Soap, ])
28,3,0.15469613259668508,ParsCat@5,(Offer  bid:Bid[Food: Chips and Nuts, Drinks: Non-Alcoholic, Location: Ballroom, Invitations: Custom, Printed, Music: MP3, Cleanup: Hired Help, ])
29,1,0.16022099447513813,ExampleAgent@3,(Offer  bid:Bid[Food: Chips and Nuts, Drinks: Beer Only, Location: Party Room, Invitations: Custom, Handmade, Music: DJ, Cleanup: Specialized Materials, ])
29,2,0.16022099447513813,ParsAgent2@4,(Offer  bid:Bid[Food: Catering, Drinks: Handmade Cocktails, Location: Party Room, Invitations: Custom, Printed, Music: MP3, Cleanup: Water and Soap, ])
29,3,0.16022099447513813,ParsCat@5,(Offer  bid:Bid[Food: Chips and Nuts, Drinks: Handmade Cocktails, Location: Party Tent, Invitations: Plain, Music: Band, Cleanup: Hired Help, ])
30,1,0.16574585635359115,ExampleAgent@3,(Offer  bid:Bid[Food: Chips and Nuts, Drinks: Beer Only, Location: Party Room, Invitations: Custom, Handmade, Music: DJ, Cleanup: Specialized Materials, ])
30,2,0.16574585635359115,ParsAgent2@4,(Offer  bid:Bid[Food: Catering, Drinks: Handmade Cocktails, Location: Party Room, Invitations: Custom, Printed, Music: MP3, Cleanup: Water and Soap, ])
30,3,0.16574585635359115,ParsCat@5,(Offer  bid:Bid[Food: Chips and Nuts, Drinks: Non-Alcoholic, Location: Party Tent, Invitations: Plain, Music: Band, Cleanup: Specialized Materials, ])
31,1,0.1712707182320442,ExampleAgent@3,(Offer  bid:Bid[Food: Chips and Nuts, Drinks: Beer Only, Location: Party Room, Invitations: Custom, Handmade, Music: DJ, Cleanup: Specialized Materials, ])
31,2,0.1712707182320442,ParsAgent2@4,(Offer  bid:Bid[Food: Catering, Drinks: Handmade Cocktails, Location: Party Room, Invitations: Custom, Printed, Music: MP3, Cleanup: Water and Soap, ])
31,3,0.1712707182320442,ParsCat@5,(Offer  bid:Bid[Food: Chips and Nuts, Drinks: Non-Alcoholic, Location: Ballroom, Invitations: Plain, Music: Band, Cleanup: Special Equiment, ])
32,1,0.17679558011049723,ExampleAgent@3,(Offer  bid:Bid[Food: Chips and Nuts, Drinks: Beer Only, Location: Party Room, Invitations: Custom, Handmade, Music: DJ, Cleanup: Specialized Materials, ])
32,2,0.17679558011049723,ParsAgent2@4,(Offer  bid:Bid[Food: Catering, Drinks: Handmade Cocktails, Location: Party Room, Invitations: Custom, Printed, Music: MP3, Cleanup: Water and Soap, ])
32,3,0.17679558011049723,ParsCat@5,(Offer  bid:Bid[Food: Chips and Nuts, Drinks: Non-Alcoholic, Location: Party Tent, Invitations: Custom, Printed, Music: Band, Cleanup: Special Equiment, ])
33,1,0.18232044198895028,ExampleAgent@3,(Offer  bid:Bid[Food: Chips and Nuts, Drinks: Beer Only, Location: Party Room, Invitations: Custom, Handmade, Music: DJ, Cleanup: Specialized Materials, ])
33,2,0.18232044198895028,ParsAgent2@4,(Offer  bid:Bid[Food: Catering, Drinks: Handmade Cocktails, Location: Party Room, Invitations: Custom, Printed, Music: MP3, Cleanup: Water and Soap, ])
33,3,0.18232044198895028,ParsCat@5,(Offer  bid:Bid[Food: Chips and Nuts, Drinks: Non-Alcoholic, Location: Party Tent, Invitations: Custom, Printed, Music: MP3, Cleanup: Special Equiment, ])
34,1,0.1878453038674033,ExampleAgent@3,(Offer  bid:Bid[Food: Chips and Nuts, Drinks: Beer Only, Location: Party Room, Invitations: Custom, Handmade, Music: DJ, Cleanup: Specialized Materials, ])
34,2,0.1878453038674033,ParsAgent2@4,(Offer  bid:Bid[Food: Catering, Drinks: Handmade Cocktails, Location: Party Room, Invitations: Custom, Printed, Music: MP3, Cleanup: Water and Soap, ])
34,3,0.1878453038674033,ParsCat@5,(Offer  bid:Bid[Food: Chips and Nuts, Drinks: Non-Alcoholic, Location: Party Tent, Invitations: Custom, Handmade, Music: MP3, Cleanup: Hired Help, ])
35,1,0.19337016574585636,ExampleAgent@3,(Offer  bid:Bid[Food: Chips and Nuts, Drinks: Beer Only, Location: Party Room, Invitations: Custom, Handmade, Music: DJ, Cleanup: Specialized Materials, ])
35,2,0.19337016574585636,ParsAgent2@4,(Offer  bid:Bid[Food: Catering, Drinks: Handmade Cocktails, Location: Party Room, Invitations: Custom, Printed, Music: MP3, Cleanup: Water and Soap, ])
35,3,0.19337016574585636,ParsCat@5,(Offer  bid:Bid[Food: Chips and Nuts, Drinks: Non-Alcoholic, Location: Party Tent, Invitations: Photo, Music: Band, Cleanup: Special Equiment, ])
36,1,0.19889502762430938,ExampleAgent@3,(Offer  bid:Bid[Food: Chips and Nuts, Drinks: Beer Only, Location: Party Room, Invitations: Custom, Handmade, Music: DJ, Cleanup: Specialized Materials, ])
36,2,0.19889502762430938,ParsAgent2@4,(Offer  bid:Bid[Food: Catering, Drinks: Handmade Cocktails, Location: Party Room, Invitations: Custom, Printed, Music: MP3, Cleanup: Water and Soap, ])
36,3,0.19889502762430938,ParsCat@5,(Offer  bid:Bid[Food: Chips and Nuts, Drinks: Non-Alcoholic, Location: Your Dorm, Invitations: Custom, Printed, Music: Band, Cleanup: Hired Help, ])
37,1,0.20441988950276244,ExampleAgent@3,(Offer  bid:Bid[Food: Chips and Nuts, Drinks: Beer Only, Location: Party Room, Invitations: Custom, Handmade, Music: DJ, Cleanup: Specialized Materials, ])
37,2,0.20441988950276244,ParsAgent2@4,(Offer  bid:Bid[Food: Catering, Drinks: Handmade Cocktails, Location: Party Room, Invitations: Custom, Printed, Music: MP3, Cleanup: Water and Soap, ])
37,3,0.20441988950276244,ParsCat@5,(Offer  bid:Bid[Food: Chips and Nuts, Drinks: Non-Alcoholic, Location: Party Tent, Invitations: Photo, Music: MP3, Cleanup: Special Equiment, ])
38,1,0.20994475138121546,ExampleAgent@3,(Offer  bid:Bid[Food: Chips and Nuts, Drinks: Beer Only, Location: Party Room, Invitations: Custom, Handmade, Music: DJ, Cleanup: Specialized Materials, ])
38,2,0.20994475138121546,ParsAgent2@4,(Offer  bid:Bid[Food: Catering, Drinks: Handmade Cocktails, Location: Party Room, Invitations: Custom, Printed, Music: MP3, Cleanup: Water and Soap, ])
38,3,0.20994475138121546,ParsCat@5,(Offer  bid:Bid[Food: Chips and Nuts, Drinks: Non-Alcoholic, Location: Ballroom, Invitations: Plain, Music: DJ, Cleanup: Hired Help, ])
39,1,0.2154696132596685,ExampleAgent@3,(Offer  bid:Bid[Food: Chips and Nuts, Drinks: Beer Only, Location: Party Room, Invitations: Custom, Handmade, Music: DJ, Cleanup: Specialized Materials, ])
39,2,0.2154696132596685,ParsAgent2@4,(Offer  bid:Bid[Food: Catering, Drinks: Handmade Cocktails, Location: Party Room, Invitations: Custom, Printed, Music: MP3, Cleanup: Water and Soap, ])
39,3,0.2154696132596685,ParsCat@5,(Offer  bid:Bid[Food: Chips and Nuts, Drinks: Non-Alcoholic, Location: Party Tent, Invitations: Custom, Handmade, Music: Band, Cleanup: Special Equiment, ])
40,1,0.22099447513812154,ExampleAgent@3,(Offer  bid:Bid[Food: Chips and Nuts, Drinks: Beer Only, Location: Party Room, Invitations: Custom, Handmade, Music: DJ, Cleanup: Specialized Materials, ])
40,2,0.22099447513812154,ParsAgent2@4,(Offer  bid:Bid[Food: Catering, Drinks: Handmade Cocktails, Location: Party Room, Invitations: Custom, Printed, Music: MP3, Cleanup: Water and Soap, ])
40,3,0.22099447513812154,ParsCat@5,(Offer  bid:Bid[Food: Chips and Nuts, Drinks: Handmade Cocktails, Location: Party Tent, Invitations: Plain, Music: Band, Cleanup: Hired Help, ])
41,1,0.2265193370165746,ExampleAgent@3,(Offer  bid:Bid[Food: Chips and Nuts, Drinks: Beer Only, Location: Party Room, Invitations: Custom, Handmade, Music: DJ, Cleanup: Specialized Materials, ])
41,2,0.2265193370165746,ParsAgent2@4,(Offer  bid:Bid[Food: Catering, Drinks: Handmade Cocktails, Location: Party Room, Invitations: Custom, Printed, Music: MP3, Cleanup: Water and Soap, ])
41,3,0.2265193370165746,ParsCat@5,(Offer  bid:Bid[Food: Chips and Nuts, Drinks: Non-Alcoholic, Location: Party Tent, Invitations: Plain, Music: MP3, Cleanup: Specialized Materials, ])
42,1,0.23204419889502761,ExampleAgent@3,(Offer  bid:Bid[Food: Chips and Nuts, Drinks: Beer Only, Location: Party Room, Invitations: Custom, Handmade, Music: DJ, Cleanup: Specialized Materials, ])
42,2,0.23204419889502761,ParsAgent2@4,(Offer  bid:Bid[Food: Catering, Drinks: Handmade Cocktails, Location: Party Room, Invitations: Custom, Printed, Music: MP3, Cleanup: Water and Soap, ])
42,3,0.23204419889502761,ParsCat@5,(Offer  bid:Bid[Food: Chips and Nuts, Drinks: Non-Alcoholic, Location: Party Tent, Invitations: Photo, Music: Band, Cleanup: Specialized Materials, ])
43,1,0.23756906077348067,ExampleAgent@3,(Offer  bid:Bid[Food: Chips and Nuts, Drinks: Beer Only, Location: Party Room, Invitations: Custom, Handmade, Music: DJ, Cleanup: Specialized Materials, ])
43,2,0.23756906077348067,ParsAgent2@4,(Offer  bid:Bid[Food: Catering, Drinks: Handmade Cocktails, Location: Party Room, Invitations: Custom, Printed, Music: MP3, Cleanup: Water and Soap, ])
43,3,0.23756906077348067,ParsCat@5,(Offer  bid:Bid[Food: Chips and Nuts, Drinks: Non-Alcoholic, Location: Ballroom, Invitations: Custom, Printed, Music: Band, Cleanup: Special Equiment, ])
44,1,0.2430939226519337,ExampleAgent@3,(Offer  bid:Bid[Food: Chips and Nuts, Drinks: Beer Only, Location: Party Room, Invitations: Custom, Handmade, Music: DJ, Cleanup: Specialized Materials, ])
44,2,0.2430939226519337,ParsAgent2@4,(Offer  bid:Bid[Food: Catering, Drinks: Handmade Cocktails, Location: Party Room, Invitations: Custom, Printed, Music: MP3, Cleanup: Water and Soap, ])
44,3,0.2430939226519337,ParsCat@5,(Offer  bid:Bid[Food: Chips and Nuts, Drinks: Non-Alcoholic, Location: Your Dorm, Invitations: Photo, Music: Band, Cleanup: Hired Help, ])
45,1,0.24861878453038674,ExampleAgent@3,(Offer  bid:Bid[Food: Chips and Nuts, Drinks: Beer Only, Location: Party Room, Invitations: Custom, Handmade, Music: DJ, Cleanup: Specialized Materials, ])
45,2,0.24861878453038674,ParsAgent2@4,(Offer  bid:Bid[Food: Catering, Drinks: Handmade Cocktails, Location: Party Room, Invitations: Custom, Printed, Music: MP3, Cleanup: Water and Soap, ])
45,3,0.24861878453038674,ParsCat@5,(Offer  bid:Bid[Food: Chips and Nuts, Drinks: Non-Alcoholic, Location: Ballroom, Invitations: Custom, Handmade, Music: Band, Cleanup: Special Equiment, ])
46,1,0.2541436464088398,ExampleAgent@3,(Offer  bid:Bid[Food: Chips and Nuts, Drinks: Beer Only, Location: Party Room, Invitations: Custom, Handmade, Music: DJ, Cleanup: Specialized Materials, ])
46,2,0.2541436464088398,ParsAgent2@4,(Offer  bid:Bid[Food: Catering, Drinks: Handmade Cocktails, Location: Party Room, Invitations: Custom, Printed, Music: MP3, Cleanup: Water and Soap, ])
46,3,0.2541436464088398,ParsCat@5,(Offer  bid:Bid[Food: Chips and Nuts, Drinks: Non-Alcoholic, Location: Party Tent, Invitations: Custom, Handmade, Music: DJ, Cleanup: Hired Help, ])
47,1,0.2596685082872928,ExampleAgent@3,(Offer  bid:Bid[Food: Chips and Nuts, Drinks: Beer Only, Location: Party Room, Invitations: Custom, Handmade, Music: DJ, Cleanup: Specialized Materials, ])
47,2,0.2596685082872928,ParsAgent2@4,(Offer  bid:Bid[Food: Catering, Drinks: Handmade Cocktails, Location: Party Room, Invitations: Custom, Printed, Music: MP3, Cleanup: Water and Soap, ])
47,3,0.2596685082872928,ParsCat@5,(Offer  bid:Bid[Food: Chips and Nuts, Drinks: Non-Alcoholic, Location: Party Tent, Invitations: Photo, Music: MP3, Cleanup: Special Equiment, ])
48,1,0.26519337016574585,ExampleAgent@3,(Offer  bid:Bid[Food: Chips and Nuts, Drinks: Beer Only, Location: Party Room, Invitations: Custom, Handmade, Music: DJ, Cleanup: Specialized Materials, ])
48,2,0.26519337016574585,ParsAgent2@4,(Offer  bid:Bid[Food: Catering, Drinks: Handmade Cocktails, Location: Party Room, Invitations: Custom, Printed, Music: MP3, Cleanup: Water and Soap, ])
48,3,0.26519337016574585,ParsCat@5,(Offer  bid:Bid[Food: Chips and Nuts, Drinks: Handmade Cocktails, Location: Ballroom, Invitations: Plain, Music: Band, Cleanup: Hired Help, ])
49,1,0.27071823204419887,ExampleAgent@3,(Offer  bid:Bid[Food: Chips and Nuts, Drinks: Beer Only, Location: Party Room, Invitations: Custom, Handmade, Music: DJ, Cleanup: Specialized Materials, ])
49,2,0.27071823204419887,ParsAgent2@4,(Offer  bid:Bid[Food: Catering, Drinks: Handmade Cocktails, Location: Party Room, Invitations: Custom, Printed, Music: MP3, Cleanup: Water and Soap, ])
49,3,0.27071823204419887,ParsCat@5,(Offer  bid:Bid[Food: Chips and Nuts, Drinks: Non-Alcoholic, Location: Ballroom, Invitations: Photo, Music: Band, Cleanup: Special Equiment, ])
50,1,0.27624309392265195,ExampleAgent@3,(Offer  bid:Bid[Food: Chips and Nuts, Drinks: Beer Only, Location: Party Room, Invitations: Custom, Handmade, Music: DJ, Cleanup: Specialized Materials, ])
50,2,0.27624309392265195,ParsAgent2@4,(Offer  bid:Bid[Food: Catering, Drinks: Handmade Cocktails, Location: Party Room, Invitations: Custom, Printed, Music: MP3, Cleanup: Water and Soap, ])
50,3,0.27624309392265195,ParsCat@5,(Offer  bid:Bid[Food: Chips and Nuts, Drinks: Non-Alcoholic, Location: Your Dorm, Invitations: Custom, Handmade, Music: Band, Cleanup: Hired Help, ])
51,1,0.281767955801105,ExampleAgent@3,(Offer  bid:Bid[Food: Chips and Nuts, Drinks: Beer Only, Location: Party Room, Invitations: Custom, Handmade, Music: DJ, Cleanup: Specialized Materials, ])
51,2,0.281767955801105,ParsAgent2@4,(Offer  bid:Bid[Food: Catering, Drinks: Handmade Cocktails, Location: Party Room, Invitations: Custom, Printed, Music: MP3, Cleanup: Water and Soap, ])
51,3,0.281767955801105,ParsCat@5,(Offer  bid:Bid[Food: Chips and Nuts, Drinks: Non-Alcoholic, Location: Party Tent, Invitations: Custom, Printed, Music: MP3, Cleanup: Specialized Materials, ])
52,1,0.287292817679558,ExampleAgent@3,(Offer  bid:Bid[Food: Chips and Nuts, Drinks: Beer Only, Location: Party Room, Invitations: Custom, Handmade, Music: DJ, Cleanup: Specialized Materials, ])
52,2,0.287292817679558,ParsAgent2@4,(Offer  bid:Bid[Food: Catering, Drinks: Handmade Cocktails, Location: Party Room, Invitations: Custom, Printed, Music: MP3, Cleanup: Water and Soap, ])
52,3,0.287292817679558,ParsCat@5,(Offer  bid:Bid[Food: Chips and Nuts, Drinks: Non-Alcoholic, Location: Your Dorm, Invitations: Photo, Music: Band, Cleanup: Hired Help, ])
53,1,0.292817679558011,ExampleAgent@3,(Offer  bid:Bid[Food: Chips and Nuts, Drinks: Beer Only, Location: Party Room, Invitations: Custom, Handmade, Music: DJ, Cleanup: Specialized Materials, ])
53,2,0.292817679558011,ParsAgent2@4,(Offer  bid:Bid[Food: Catering, Drinks: Handmade Cocktails, Location: Party Room, Invitations: Custom, Printed, Music: MP3, Cleanup: Water and Soap, ])
53,3,0.292817679558011,ParsCat@5,(Offer  bid:Bid[Food: Chips and Nuts, Drinks: Handmade Cocktails, Location: Party Tent, Invitations: Custom, Handmade, Music: Band, Cleanup: Hired Help, ])
54,1,0.2983425414364641,ExampleAgent@3,(Offer  bid:Bid[Food: Chips and Nuts, Drinks: Beer Only, Location: Party Room, Invitations: Custom, Handmade, Music: DJ, Cleanup: Specialized Materials, ])
54,2,0.2983425414364641,ParsAgent2@4,(Offer  bid:Bid[Food: Catering, Drinks: Handmade Cocktails, Location: Party Room, Invitations: Custom, Printed, Music: MP3, Cleanup: Water and Soap, ])
54,3,0.2983425414364641,ParsCat@5,(Offer  bid:Bid[Food: Chips and Nuts, Drinks: Non-Alcoholic, Location: Ballroom, Invitations: Custom, Printed, Music: MP3, Cleanup: Special Equiment, ])
55,1,0.30386740331491713,ExampleAgent@3,(Offer  bid:Bid[Food: Chips and Nuts, Drinks: Beer Only, Location: Party Room, Invitations: Custom, Handmade, Music: DJ, Cleanup: Specialized Materials, ])
55,2,0.30386740331491713,ParsAgent2@4,(Offer  bid:Bid[Food: Catering, Drinks: Handmade Cocktails, Location: Party Room, Invitations: Custom, Printed, Music: MP3, Cleanup: Water and Soap, ])
55,3,0.30386740331491713,ParsCat@5,(Offer  bid:Bid[Food: Chips and Nuts, Drinks: Handmade Cocktails, Location: Party Tent, Invitations: Custom, Handmade, Music: Band, Cleanup: Hired Help, ])
56,1,0.30939226519337015,ExampleAgent@3,(Offer  bid:Bid[Food: Chips and Nuts, Drinks: Beer Only, Location: Party Room, Invitations: Custom, Handmade, Music: DJ, Cleanup: Specialized Materials, ])
56,2,0.30939226519337015,ParsAgent2@4,(Offer  bid:Bid[Food: Catering, Drinks: Handmade Cocktails, Location: Party Room, Invitations: Custom, Printed, Music: MP3, Cleanup: Water and Soap, ])
56,3,0.30939226519337015,ParsCat@5,(Offer  bid:Bid[Food: Finger-Food, Drinks: Non-Alcoholic, Location: Party Tent, Invitations: Plain, Music: MP3, Cleanup: Hired Help, ])
57,1,0.3149171270718232,ExampleAgent@3,(Offer  bid:Bid[Food: Chips and Nuts, Drinks: Beer Only, Location: Party Room, Invitations: Custom, Handmade, Music: DJ, Cleanup: Specialized Materials, ])
57,2,0.3149171270718232,ParsAgent2@4,(Offer  bid:Bid[Food: Catering, Drinks: Handmade Cocktails, Location: Party Room, Invitations: Custom, Printed, Music: MP3, Cleanup: Water and Soap, ])
57,3,0.3149171270718232,ParsCat@5,(Offer  bid:Bid[Food: Chips and Nuts, Drinks: Non-Alcoholic, Location: Your Dorm, Invitations: Custom, Handmade, Music: Band, Cleanup: Hired Help, ])
58,1,0.32044198895027626,ExampleAgent@3,(Offer  bid:Bid[Food: Chips and Nuts, Drinks: Beer Only, Location: Party Room, Invitations: Custom, Handmade, Music: DJ, Cleanup: Specialized Materials, ])
58,2,0.32044198895027626,ParsAgent2@4,(Offer  bid:Bid[Food: Catering, Drinks: Handmade Cocktails, Location: Party Room, Invitations: Custom, Printed, Music: MP3, Cleanup: Water and Soap, ])
58,3,0.32044198895027626,ParsCat@5,(Offer  bid:Bid[Food: Chips and Nuts, Drinks: Handmade Cocktails, Location: Party Tent, Invitations: Custom, Printed, Music: MP3, Cleanup: Hired Help, ])
59,1,0.3259668508287293,ExampleAgent@3,(Offer  bid:Bid[Food: Chips and Nuts, Drinks: Beer Only, Location: Party Room, Invitations: Custom, Handmade, Music: DJ, Cleanup: Specialized Materials, ])
59,2,0.3259668508287293,ParsAgent2@4,(Offer  bid:Bid[Food: Catering, Drinks: Handmade Cocktails, Location: Party Room, Invitations: Custom, Printed, Music: MP3, Cleanup: Water and Soap, ])
59,3,0.3259668508287293,ParsCat@5,(Offer  bid:Bid[Food: Chips and Nuts, Drinks: Non-Alcoholic, Location: Ballroom, Invitations: Plain, Music: DJ, Cleanup: Special Equiment, ])
60,1,0.3314917127071823,ExampleAgent@3,(Offer  bid:Bid[Food: Chips and Nuts, Drinks: Beer Only, Location: Party Room, Invitations: Custom, Handmade, Music: DJ, Cleanup: Specialized Materials, ])
60,2,0.3314917127071823,ParsAgent2@4,(Offer  bid:Bid[Food: Catering, Drinks: Handmade Cocktails, Location: Party Room, Invitations: Custom, Printed, Music: MP3, Cleanup: Water and Soap, ])
60,3,0.3314917127071823,ParsCat@5,(Offer  bid:Bid[Food: Chips and Nuts, Drinks: Non-Alcoholic, Location: Ballroom, Invitations: Plain, Music: Band, Cleanup: Water and Soap, ])
61,1,0.3370165745856354,ExampleAgent@3,(Offer  bid:Bid[Food: Chips and Nuts, Drinks: Beer Only, Location: Party Room, Invitations: Custom, Handmade, Music: DJ, Cleanup: Specialized Materials, ])
61,2,0.3370165745856354,ParsAgent2@4,(Offer  bid:Bid[Food: Catering, Drinks: Handmade Cocktails, Location: Party Room, Invitations: Custom, Printed, Music: MP3, Cleanup: Water and Soap, ])
61,3,0.3370165745856354,ParsCat@5,(Offer  bid:Bid[Food: Chips and Nuts, Drinks: Non-Alcoholic, Location: Your Dorm, Invitations: Custom, Printed, Music: Band, Cleanup: Special Equiment, ])
62,1,0.3425414364640884,ExampleAgent@3,(Offer  bid:Bid[Food: Chips and Nuts, Drinks: Beer Only, Location: Party Room, Invitations: Custom, Handmade, Music: DJ, Cleanup: Specialized Materials, ])
62,2,0.3425414364640884,ParsAgent2@4,(Offer  bid:Bid[Food: Catering, Drinks: Handmade Cocktails, Location: Party Room, Invitations: Custom, Printed, Music: MP3, Cleanup: Water and Soap, ])
62,3,0.3425414364640884,ParsCat@5,(Offer  bid:Bid[Food: Chips and Nuts, Drinks: Handmade Cocktails, Location: Party Tent, Invitations: Plain, Music: DJ, Cleanup: Hired Help, ])
63,1,0.34806629834254144,ExampleAgent@3,(Offer  bid:Bid[Food: Chips and Nuts, Drinks: Beer Only, Location: Party Room, Invitations: Custom, Handmade, Music: DJ, Cleanup: Specialized Materials, ])
63,2,0.34806629834254144,ParsAgent2@4,(Offer  bid:Bid[Food: Catering, Drinks: Handmade Cocktails, Location: Party Room, Invitations: Custom, Printed, Music: MP3, Cleanup: Water and Soap, ])
63,3,0.34806629834254144,ParsCat@5,(Offer  bid:Bid[Food: Chips and Nuts, Drinks: Non-Alcoholic, Location: Ballroom, Invitations: Photo, Music: MP3, Cleanup: Special Equiment, ])
64,1,0.35359116022099446,ExampleAgent@3,(Offer  bid:Bid[Food: Chips and Nuts, Drinks: Beer Only, Location: Party Room, Invitations: Custom, Handmade, Music: DJ, Cleanup: Specialized Materials, ])
64,2,0.35359116022099446,ParsAgent2@4,(Offer  bid:Bid[Food: Catering, Drinks: Handmade Cocktails, Location: Party Room, Invitations: Custom, Printed, Music: MP3, Cleanup: Water and Soap, ])
64,3,0.35359116022099446,ParsCat@5,(Offer  bid:Bid[Food: Chips and Nuts, Drinks: Non-Alcoholic, Location: Your Dorm, Invitations: Plain, Music: MP3, Cleanup: Special Equiment, ])
65,1,0.35911602209944754,ExampleAgent@3,(Offer  bid:Bid[Food: Chips and Nuts, Drinks: Beer Only, Location: Party Room, Invitations: Custom, Handmade, Music: DJ, Cleanup: Specialized Materials, ])
65,2,0.35911602209944754,ParsAgent2@4,(Offer  bid:Bid[Food: Catering, Drinks: Handmade Cocktails, Location: Party Room, Invitations: Custom, Printed, Music: MP3, Cleanup: Water and Soap, ])
65,3,0.35911602209944754,ParsCat@5,(Offer  bid:Bid[Food: Chips and Nuts, Drinks: Non-Alcoholic, Location: Party Tent, Invitations: Photo, Music: Band, Cleanup: Water and Soap, ])
66,1,0.36464088397790057,ExampleAgent@3,(Offer  bid:Bid[Food: Chips and Nuts, Drinks: Beer Only, Location: Party Room, Invitations: Custom, Handmade, Music: DJ, Cleanup: Specialized Materials, ])
66,2,0.36464088397790057,ParsAgent2@4,(Offer  bid:Bid[Food: Catering, Drinks: Handmade Cocktails, Location: Party Room, Invitations: Custom, Printed, Music: MP3, Cleanup: Water and Soap, ])
66,3,0.36464088397790057,ParsCat@5,(Offer  bid:Bid[Food: Chips and Nuts, Drinks: Non-Alcoholic, Location: Your Dorm, Invitations: Custom, Handmade, Music: Band, Cleanup: Special Equiment, ])
67,1,0.3701657458563536,ExampleAgent@3,(Offer  bid:Bid[Food: Chips and Nuts, Drinks: Beer Only, Location: Party Room, Invitations: Custom, Handmade, Music: DJ, Cleanup: Specialized Materials, ])
67,2,0.3701657458563536,ParsAgent2@4,(Offer  bid:Bid[Food: Catering, Drinks: Handmade Cocktails, Location: Party Room, Invitations: Custom, Printed, Music: MP3, Cleanup: Water and Soap, ])
67,3,0.3701657458563536,ParsCat@5,(Offer  bid:Bid[Food: Chips and Nuts, Drinks: Non-Alcoholic, Location: Ballroom, Invitations: Plain, Music: MP3, Cleanup: Specialized Materials, ])
68,1,0.3756906077348066,ExampleAgent@3,(Offer  bid:Bid[Food: Chips and Nuts, Drinks: Beer Only, Location: Party Room, Invitations: Custom, Handmade, Music: DJ, Cleanup: Specialized Materials, ])
68,2,0.3756906077348066,ParsAgent2@4,(Offer  bid:Bid[Food: Catering, Drinks: Handmade Cocktails, Location: Party Room, Invitations: Custom, Printed, Music: MP3, Cleanup: Water and Soap, ])
68,3,0.3756906077348066,ParsCat@5,(Offer  bid:Bid[Food: Chips and Nuts, Drinks: Non-Alcoholic, Location: Your Dorm, Invitations: Plain, Music: MP3, Cleanup: Special Equiment, ])
69,1,0.3812154696132597,ExampleAgent@3,(Offer  bid:Bid[Food: Chips and Nuts, Drinks: Beer Only, Location: Party Room, Invitations: Custom, Handmade, Music: DJ, Cleanup: Specialized Materials, ])
69,2,0.3812154696132597,ParsAgent2@4,(Offer  bid:Bid[Food: Catering, Drinks: Handmade Cocktails, Location: Party Room, Invitations: Custom, Printed, Music: MP3, Cleanup: Water and Soap, ])
69,3,0.3812154696132597,ParsCat@5,(Offer  bid:Bid[Food: Chips and Nuts, Drinks: Handmade Cocktails, Location: Ballroom, Invitations: Custom, Printed, Music: MP3, Cleanup: Hired Help, ])
70,1,0.3867403314917127,ExampleAgent@3,(Offer  bid:Bid[Food: Chips and Nuts, Drinks: Beer Only, Location: Party Room, Invitations: Custom, Handmade, Music: DJ, Cleanup: Specialized Materials, ])
70,2,0.3867403314917127,ParsAgent2@4,(Offer  bid:Bid[Food: Catering, Drinks: Handmade Cocktails, Location: Party Room, Invitations: Custom, Printed, Music: MP3, Cleanup: Water and Soap, ])
70,3,0.3867403314917127,ParsCat@5,(Offer  bid:Bid[Food: Chips and Nuts, Drinks: Non-Alcoholic, Location: Your Dorm, Invitations: Custom, Printed, Music: Band, Cleanup: Specialized Materials, ])
71,1,0.39226519337016574,ExampleAgent@3,(Offer  bid:Bid[Food: Chips and Nuts, Drinks: Beer Only, Location: Party Room, Invitations: Custom, Handmade, Music: DJ, Cleanup: Specialized Materials, ])
71,2,0.39226519337016574,ParsAgent2@4,(Offer  bid:Bid[Food: Catering, Drinks: Handmade Cocktails, Location: Party Room, Invitations: Custom, Printed, Music: MP3, Cleanup: Water and Soap, ])
71,3,0.39226519337016574,ParsCat@5,(Offer  bid:Bid[Food: Chips and Nuts, Drinks: Non-Alcoholic, Location: Your Dorm, Invitations: Custom, Printed, Music: DJ, Cleanup: Hired Help, ])
72,1,0.39779005524861877,ExampleAgent@3,(Offer  bid:Bid[Food: Chips and Nuts, Drinks: Beer Only, Location: Party Room, Invitations: Custom, Handmade, Music: DJ, Cleanup: Specialized Materials, ])
72,2,0.39779005524861877,ParsAgent2@4,(Offer  bid:Bid[Food: Catering, Drinks: Handmade Cocktails, Location: Party Room, Invitations: Custom, Printed, Music: MP3, Cleanup: Water and Soap, ])
72,3,0.39779005524861877,ParsCat@5,(Offer  bid:Bid[Food: Chips and Nuts, Drinks: Non-Alcoholic, Location: Party Tent, Invitations: Plain, Music: DJ, Cleanup: Specialized Materials, ])
73,1,0.40331491712707185,ExampleAgent@3,(Offer  bid:Bid[Food: Chips and Nuts, Drinks: Beer Only, Location: Party Room, Invitations: Custom, Handmade, Music: DJ, Cleanup: Specialized Materials, ])
73,2,0.40331491712707185,ParsAgent2@4,(Offer  bid:Bid[Food: Catering, Drinks: Handmade Cocktails, Location: Party Room, Invitations: Custom, Printed, Music: MP3, Cleanup: Water and Soap, ])
73,3,0.40331491712707185,ParsCat@5,(Offer  bid:Bid[Food: Chips and Nuts, Drinks: Non-Alcoholic, Location: Your Dorm, Invitations: Plain, Music: Band, Cleanup: Specialized Materials, ])
74,1,0.4088397790055249,ExampleAgent@3,(Offer  bid:Bid[Food: Chips and Nuts, Drinks: Beer Only, Location: Party Room, Invitations: Custom, Handmade, Music: DJ, Cleanup: Specialized Materials, ])
74,2,0.4088397790055249,ParsAgent2@4,(Offer  bid:Bid[Food: Catering, Drinks: Handmade Cocktails, Location: Party Room, Invitations: Custom, Printed, Music: MP3, Cleanup: Water and Soap, ])
74,3,0.4088397790055249,ParsCat@5,(Offer  bid:Bid[Food: Chips and Nuts, Drinks: Handmade Cocktails, Location: Party Tent, Invitations: Plain, Music: Band, Cleanup: Specialized Materials, ])
75,1,0.4143646408839779,ExampleAgent@3,(Offer  bid:Bid[Food: Chips and Nuts, Drinks: Beer Only, Location: Party Room, Invitations: Custom, Handmade, Music: DJ, Cleanup: Specialized Materials, ])
75,2,0.4143646408839779,ParsAgent2@4,(Offer  bid:Bid[Food: Catering, Drinks: Handmade Cocktails, Location: Party Room, Invitations: Custom, Printed, Music: MP3, Cleanup: Water and Soap, ])
75,3,0.4143646408839779,ParsCat@5,(Offer  bid:Bid[Food: Chips and Nuts, Drinks: Non-Alcoholic, Location: Your Dorm, Invitations: Custom, Handmade, Music: Band, Cleanup: Special Equiment, ])
76,1,0.4198895027624309,ExampleAgent@3,(Offer  bid:Bid[Food: Chips and Nuts, Drinks: Beer Only, Location: Party Room, Invitations: Custom, Handmade, Music: DJ, Cleanup: Specialized Materials, ])
76,2,0.4198895027624309,ParsAgent2@4,(Offer  bid:Bid[Food: Catering, Drinks: Handmade Cocktails, Location: Party Room, Invitations: Custom, Printed, Music: MP3, Cleanup: Water and Soap, ])
76,3,0.4198895027624309,ParsCat@5,(Offer  bid:Bid[Food: Finger-Food, Drinks: Non-Alcoholic, Location: Party Tent, Invitations: Custom, Printed, Music: Band, Cleanup: Special Equiment, ])
77,1,0.425414364640884,ExampleAgent@3,(Offer  bid:Bid[Food: Chips and Nuts, Drinks: Beer Only, Location: Party Room, Invitations: Custom, Handmade, Music: DJ, Cleanup: Specialized Materials, ])
77,2,0.425414364640884,ParsAgent2@4,(Offer  bid:Bid[Food: Catering, Drinks: Handmade Cocktails, Location: Party Room, Invitations: Custom, Printed, Music: MP3, Cleanup: Water and Soap, ])
77,3,0.425414364640884,ParsCat@5,(Offer  bid:Bid[Food: Chips and Nuts, Drinks: Handmade Cocktails, Location: Party Tent, Invitations: Photo, Music: MP3, Cleanup: Special Equiment, ])
78,1,0.430939226519337,ExampleAgent@3,(Offer  bid:Bid[Food: Chips and Nuts, Drinks: Beer Only, Location: Party Room, Invitations: Custom, Handmade, Music: DJ, Cleanup: Specialized Materials, ])
78,2,0.430939226519337,ParsAgent2@4,(Offer  bid:Bid[Food: Catering, Drinks: Handmade Cocktails, Location: Party Room, Invitations: Custom, Printed, Music: MP3, Cleanup: Water and Soap, ])
78,3,0.430939226519337,ParsCat@5,(Offer  bid:Bid[Food: Chips and Nuts, Drinks: Handmade Cocktails, Location: Party Tent, Invitations: Photo, Music: MP3, Cleanup: Special Equiment, ])
79,1,0.43646408839779005,ExampleAgent@3,(Offer  bid:Bid[Food: Chips and Nuts, Drinks: Beer Only, Location: Party Room, Invitations: Custom, Handmade, Music: DJ, Cleanup: Specialized Materials, ])
79,2,0.43646408839779005,ParsAgent2@4,(Offer  bid:Bid[Food: Catering, Drinks: Handmade Cocktails, Location: Party Room, Invitations: Custom, Printed, Music: MP3, Cleanup: Water and Soap, ])
79,3,0.43646408839779005,ParsCat@5,(Offer  bid:Bid[Food: Chips and Nuts, Drinks: Non-Alcoholic, Location: Ballroom, Invitations: Custom, Handmade, Music: Band, Cleanup: Water and Soap, ])
80,1,0.4419889502762431,ExampleAgent@3,(Offer  bid:Bid[Food: Chips and Nuts, Drinks: Beer Only, Location: Party Room, Invitations: Custom, Handmade, Music: DJ, Cleanup: Specialized Materials, ])
80,2,0.4419889502762431,ParsAgent2@4,(Offer  bid:Bid[Food: Catering, Drinks: Handmade Cocktails, Location: Party Room, Invitations: Custom, Printed, Music: MP3, Cleanup: Water and Soap, ])
80,3,0.4419889502762431,ParsCat@5,(Offer  bid:Bid[Food: Chips and Nuts, Drinks: Handmade Cocktails, Location: Party Tent, Invitations: Photo, Music: DJ, Cleanup: Hired Help, ])
81,1,0.44751381215469616,ExampleAgent@3,(Offer  bid:Bid[Food: Chips and Nuts, Drinks: Beer Only, Location: Party Room, Invitations: Custom, Handmade, Music: DJ, Cleanup: Specialized Materials, ])
81,2,0.44751381215469616,ParsAgent2@4,(Offer  bid:Bid[Food: Catering, Drinks: Handmade Cocktails, Location: Party Room, Invitations: Custom, Printed, Music: MP3, Cleanup: Water and Soap, ])
81,3,0.44751381215469616,ParsCat@5,(Offer  bid:Bid[Food: Chips and Nuts, Drinks: Handmade Cocktails, Location: Party Tent, Invitations: Photo, Music: DJ, Cleanup: Hired Help, ])
82,1,0.4530386740331492,ExampleAgent@3,(Offer  bid:Bid[Food: Chips and Nuts, Drinks: Beer Only, Location: Party Room, Invitations: Custom, Handmade, Music: DJ, Cleanup: Specialized Materials, ])
82,2,0.4530386740331492,ParsAgent2@4,(Offer  bid:Bid[Food: Catering, Drinks: Handmade Cocktails, Location: Party Room, Invitations: Custom, Printed, Music: MP3, Cleanup: Water and Soap, ])
82,3,0.4530386740331492,ParsCat@5,(Offer  bid:Bid[Food: Chips and Nuts, Drinks: Handmade Cocktails, Location: Your Dorm, Invitations: Custom, Printed, Music: MP3, Cleanup: Hired Help, ])
83,1,0.4585635359116022,ExampleAgent@3,(Offer  bid:Bid[Food: Chips and Nuts, Drinks: Beer Only, Location: Party Room, Invitations: Custom, Handmade, Music: DJ, Cleanup: Specialized Materials, ])
83,2,0.4585635359116022,ParsAgent2@4,(Offer  bid:Bid[Food: Catering, Drinks: Handmade Cocktails, Location: Party Room, Invitations: Custom, Printed, Music: MP3, Cleanup: Water and Soap, ])
83,3,0.4585635359116022,ParsCat@5,(Offer  bid:Bid[Food: Chips and Nuts, Drinks: Non-Alcoholic, Location: Your Dorm, Invitations: Photo, Music: DJ, Cleanup: Hired Help, ])
84,1,0.46408839779005523,ExampleAgent@3,(Offer  bid:Bid[Food: Chips and Nuts, Drinks: Beer Only, Location: Party Room, Invitations: Custom, Handmade, Music: DJ, Cleanup: Specialized Materials, ])
84,2,0.46408839779005523,ParsAgent2@4,(Offer  bid:Bid[Food: Catering, Drinks: Handmade Cocktails, Location: Party Room, Invitations: Custom, Printed, Music: MP3, Cleanup: Water and Soap, ])
84,3,0.46408839779005523,ParsCat@5,(Offer  bid:Bid[Food: Chips and Nuts, Drinks: Non-Alcoholic, Location: Your Dorm, Invitations: Plain, Music: DJ, Cleanup: Special Equiment, ])
85,1,0.4696132596685083,ExampleAgent@3,(Offer  bid:Bid[Food: Chips and Nuts, Drinks: Beer Only, Location: Party Room, Invitations: Custom, Handmade, Music: DJ, Cleanup: Specialized Materials, ])
85,2,0.4696132596685083,ParsAgent2@4,(Offer  bid:Bid[Food: Catering, Drinks: Handmade Cocktails, Location: Party Room, Invitations: Custom, Printed, Music: MP3, Cleanup: Water and Soap, ])
85,3,0.4696132596685083,ParsCat@5,(Offer  bid:Bid[Food: Chips and Nuts, Drinks: Non-Alcoholic, Location: Your Dorm, Invitations: Plain, Music: DJ, Cleanup: Special Equiment, ])
86,1,0.47513812154696133,ExampleAgent@3,(Offer  bid:Bid[Food: Chips and Nuts, Drinks: Beer Only, Location: Party Room, Invitations: Custom, Handmade, Music: DJ, Cleanup: Specialized Materials, ])
86,2,0.47513812154696133,ParsAgent2@4,(Offer  bid:Bid[Food: Catering, Drinks: Handmade Cocktails, Location: Party Room, Invitations: Custom, Printed, Music: MP3, Cleanup: Water and Soap, ])
86,3,0.47513812154696133,ParsCat@5,(Offer  bid:Bid[Food: Chips and Nuts, Drinks: Non-Alcoholic, Location: Party Tent, Invitations: Custom, Handmade, Music: MP3, Cleanup: Water and Soap, ])
87,1,0.48066298342541436,ExampleAgent@3,(Offer  bid:Bid[Food: Chips and Nuts, Drinks: Beer Only, Location: Party Room, Invitations: Custom, Handmade, Music: DJ, Cleanup: Specialized Materials, ])
87,2,0.48066298342541436,ParsAgent2@4,(Offer  bid:Bid[Food: Catering, Drinks: Handmade Cocktails, Location: Party Room, Invitations: Custom, Printed, Music: MP3, Cleanup: Water and Soap, ])
87,3,0.48066298342541436,ParsCat@5,(Offer  bid:Bid[Food: Chips and Nuts, Drinks: Non-Alcoholic, Location: Ballroom, Invitations: Custom, Handmade, Music: MP3, Cleanup: Specialized Materials, ])
88,1,0.4861878453038674,ExampleAgent@3,(Offer  bid:Bid[Food: Chips and Nuts, Drinks: Beer Only, Location: Party Room, Invitations: Custom, Handmade, Music: DJ, Cleanup: Specialized Materials, ])
88,2,0.4861878453038674,ParsAgent2@4,(Offer  bid:Bid[Food: Catering, Drinks: Handmade Cocktails, Location: Party Room, Invitations: Custom, Printed, Music: MP3, Cleanup: Water and Soap, ])
88,3,0.4861878453038674,ParsCat@5,(Offer  bid:Bid[Food: Chips and Nuts, Drinks: Handmade Cocktails, Location: Ballroom, Invitations: Custom, Handmade, Music: Band, Cleanup: Special Equiment, ])
89,1,0.49171270718232046,ExampleAgent@3,(Offer  bid:Bid[Food: Chips and Nuts, Drinks: Beer Only, Location: Party Room, Invitations: Custom, Handmade, Music: DJ, Cleanup: Specialized Materials, ])
89,2,0.49171270718232046,ParsAgent2@4,(Offer  bid:Bid[Food: Catering, Drinks: Handmade Cocktails, Location: Party Room, Invitations: Custom, Printed, Music: MP3, Cleanup: Water and Soap, ])
89,3,0.49171270718232046,ParsCat@5,(Offer  bid:Bid[Food: Chips and Nuts, Drinks: Handmade Cocktails, Location: Ballroom, Invitations: Custom, Printed, Music: MP3, Cleanup: Special Equiment, ])
90,1,0.4972375690607735,ExampleAgent@3,(Offer  bid:Bid[Food: Chips and Nuts, Drinks: Beer Only, Location: Party Room, Invitations: Custom, Handmade, Music: DJ, Cleanup: Specialized Materials, ])
90,2,0.4972375690607735,ParsAgent2@4,(Offer  bid:Bid[Food: Catering, Drinks: Handmade Cocktails, Location: Party Room, Invitations: Custom, Printed, Music: MP3, Cleanup: Water and Soap, ])
90,3,0.4972375690607735,ParsCat@5,(Offer  bid:Bid[Food: Chips and Nuts, Drinks: Non-Alcoholic, Location: Party Room, Invitations: Plain, Music: Band, Cleanup: Hired Help, ])
91,1,0.5027624309392266,ExampleAgent@3,(Offer  bid:Bid[Food: Finger-Food, Drinks: Beer Only, Location: Your Dorm, Invitations: Plain, Music: MP3, Cleanup: Hired Help, ])
91,2,0.5027624309392266,ParsAgent2@4,(Offer  bid:Bid[Food: Catering, Drinks: Handmade Cocktails, Location: Party Room, Invitations: Custom, Printed, Music: MP3, Cleanup: Water and Soap, ])
91,3,0.5027624309392266,ParsCat@5,(Offer  bid:Bid[Food: Finger-Food, Drinks: Handmade Cocktails, Location: Ballroom, Invitations: Custom, Printed, Music: DJ, Cleanup: Hired Help, ])
92,1,0.5082872928176796,ExampleAgent@3,(Accept  bid:Bid[Food: Finger-Food, Drinks: Handmade Cocktails, Location: Ballroom, Invitations: Custom, Printed, Music: DJ, Cleanup: Hired Help, ])
92,2,0.5082872928176796,ParsAgent2@4,(Offer  bid:Bid[Food: Catering, Drinks: Handmade Cocktails, Location: Party Room, Invitations: Custom, Printed, Music: MP3, Cleanup: Water and Soap, ])
92,3,0.5082872928176796,ParsCat@5,(Offer  bid:Bid[Food: Chips and Nuts, Drinks: Catering, Location: Your Dorm, Invitations: Custom, Printed, Music: Band, Cleanup: Hired Help, ])
93,1,0.5138121546961326,ExampleAgent@3,(Offer  bid:Bid[Food: Catering, Drinks: Handmade Cocktails, Location: Party Room, Invitations: Custom, Printed, Music: DJ, Cleanup: Special Equiment, ])
93,2,0.5138121546961326,ParsAgent2@4,(Offer  bid:Bid[Food: Catering, Drinks: Handmade Cocktails, Location: Party Room, Invitations: Custom, Printed, Music: MP3, Cleanup: Water and Soap, ])
93,3,0.5138121546961326,ParsCat@5,(Offer  bid:Bid[Food: Handmade Food, Drinks: Handmade Cocktails, Location: Party Tent, Invitations: Custom, Handmade, Music: MP3, Cleanup: Special Equiment, ])
94,1,0.5193370165745856,ExampleAgent@3,(Offer  bid:Bid[Food: Finger-Food, Drinks: Catering, Location: Party Tent, Invitations: Photo, Music: MP3, Cleanup: Hired Help, ])
94,2,0.5193370165745856,ParsAgent2@4,(Offer  bid:Bid[Food: Catering, Drinks: Handmade Cocktails, Location: Party Room, Invitations: Custom, Printed, Music: MP3, Cleanup: Water and Soap, ])
94,3,0.5193370165745856,ParsCat@5,(Offer  bid:Bid[Food: Handmade Food, Drinks: Handmade Cocktails, Location: Party Tent, Invitations: Plain, Music: Band, Cleanup: Specialized Materials, ])
95,1,0.5248618784530387,ExampleAgent@3,(Accept  bid:Bid[Food: Handmade Food, Drinks: Handmade Cocktails, Location: Party Tent, Invitations: Plain, Music: Band, Cleanup: Specialized Materials, ])
95,2,0.5248618784530387,ParsAgent2@4,(Offer  bid:Bid[Food: Catering, Drinks: Handmade Cocktails, Location: Party Room, Invitations: Custom, Printed, Music: MP3, Cleanup: Water and Soap, ])
95,3,0.5248618784530387,ParsCat@5,(Offer  bid:Bid[Food: Catering, Drinks: Non-Alcoholic, Location: Ballroom, Invitations: Custom, Handmade, Music: MP3, Cleanup: Special Equiment, ])
96,1,0.5303867403314917,ExampleAgent@3,(Offer  bid:Bid[Food: Chips and Nuts, Drinks: Non-Alcoholic, Location: Your Dorm, Invitations: Photo, Music: MP3, Cleanup: Special Equiment, ])
96,2,0.5303867403314917,ParsAgent2@4,(Offer  bid:Bid[Food: Catering, Drinks: Handmade Cocktails, Location: Party Room, Invitations: Custom, Printed, Music: MP3, Cleanup: Water and Soap, ])
96,3,0.5303867403314917,ParsCat@5,(Offer  bid:Bid[Food: Chips and Nuts, Drinks: Beer Only, Location: Party Tent, Invitations: Custom, Handmade, Music: MP3, Cleanup: Special Equiment, ])
97,1,0.5359116022099447,ExampleAgent@3,(Accept  bid:Bid[Food: Chips and Nuts, Drinks: Beer Only, Location: Party Tent, Invitations: Custom, Handmade, Music: MP3, Cleanup: Special Equiment, ])
97,2,0.5359116022099447,ParsAgent2@4,(Offer  bid:Bid[Food: Catering, Drinks: Handmade Cocktails, Location: Party Room, Invitations: Custom, Printed, Music: MP3, Cleanup: Water and Soap, ])
97,3,0.5359116022099447,ParsCat@5,(Offer  bid:Bid[Food: Finger-Food, Drinks: Handmade Cocktails, Location: Your Dorm, Invitations: Plain, Music: Band, Cleanup: Specialized Materials, ])
98,1,0.5414364640883977,ExampleAgent@3,(Accept  bid:Bid[Food: Finger-Food, Drinks: Handmade Cocktails, Location: Your Dorm, Invitations: Plain, Music: Band, Cleanup: Specialized Materials, ])
98,2,0.5414364640883977,ParsAgent2@4,(Offer  bid:Bid[Food: Catering, Drinks: Handmade Cocktails, Location: Party Room, Invitations: Custom, Printed, Music: MP3, Cleanup: Water and Soap, ])
98,3,0.5414364640883977,ParsCat@5,(Offer  bid:Bid[Food: Chips and Nuts, Drinks: Catering, Location: Party Tent, Invitations: Custom, Printed, Music: MP3, Cleanup: Specialized Materials, ])
99,1,0.5469613259668509,ExampleAgent@3,(Accept  bid:Bid[Food: Chips and Nuts, Drinks: Catering, Location: Party Tent, Invitations: Custom, Printed, Music: MP3, Cleanup: Specialized Materials, ])
99,2,0.5469613259668509,ParsAgent2@4,(Offer  bid:Bid[Food: Catering, Drinks: Handmade Cocktails, Location: Party Room, Invitations: Custom, Printed, Music: MP3, Cleanup: Water and Soap, ])
99,3,0.5469613259668509,ParsCat@5,(Offer  bid:Bid[Food: Handmade Food, Drinks: Handmade Cocktails, Location: Ballroom, Invitations: Custom, Printed, Music: Band, Cleanup: Special Equiment, ])
100,1,0.5524861878453039,ExampleAgent@3,(Accept  bid:Bid[Food: Handmade Food, Drinks: Handmade Cocktails, Location: Ballroom, Invitations: Custom, Printed, Music: Band, Cleanup: Special Equiment, ])
100,2,0.5524861878453039,ParsAgent2@4,(Offer  bid:Bid[Food: Catering, Drinks: Handmade Cocktails, Location: Party Room, Invitations: Custom, Printed, Music: MP3, Cleanup: Water and Soap, ])
100,3,0.5524861878453039,ParsCat@5,(Offer  bid:Bid[Food: Chips and Nuts, Drinks: Beer Only, Location: Ballroom, Invitations: Photo, Music: MP3, Cleanup: Hired Help, ])
101,1,0.5580110497237569,ExampleAgent@3,(Accept  bid:Bid[Food: Chips and Nuts, Drinks: Beer Only, Location: Ballroom, Invitations: Photo, Music: MP3, Cleanup: Hired Help, ])
101,2,0.5580110497237569,ParsAgent2@4,(Offer  bid:Bid[Food: Catering, Drinks: Handmade Cocktails, Location: Party Room, Invitations: Custom, Printed, Music: MP3, Cleanup: Water and Soap, ])
101,3,0.5580110497237569,ParsCat@5,(Offer  bid:Bid[Food: Catering, Drinks: Handmade Cocktails, Location: Party Tent, Invitations: Plain, Music: DJ, Cleanup: Hired Help, ])
102,1,0.56353591160221,ExampleAgent@3,(Accept  bid:Bid[Food: Catering, Drinks: Handmade Cocktails, Location: Party Tent, Invitations: Plain, Music: DJ, Cleanup: Hired Help, ])
102,2,0.56353591160221,ParsAgent2@4,(Offer  bid:Bid[Food: Catering, Drinks: Handmade Cocktails, Location: Party Room, Invitations: Custom, Printed, Music: MP3, Cleanup: Water and Soap, ])
102,3,0.56353591160221,ParsCat@5,(Offer  bid:Bid[Food: Chips and Nuts, Drinks: Handmade Cocktails, Location: Party Room, Invitations: Plain, Music: MP3, Cleanup: Hired Help, ])
103,1,0.569060773480663,ExampleAgent@3,(Accept  bid:Bid[Food: Chips and Nuts, Drinks: Handmade Cocktails, Location: Party Room, Invitations: Plain, Music: MP3, Cleanup: Hired Help, ])
103,2,0.569060773480663,ParsAgent2@4,(Offer  bid:Bid[Food: Catering, Drinks: Handmade Cocktails, Location: Party Room, Invitations: Custom, Printed, Music: MP3, Cleanup: Water and Soap, ])
103,3,0.569060773480663,ParsCat@5,(Offer  bid:Bid[Food: Handmade Food, Drinks: Non-Alcoholic, Location: Your Dorm, Invitations: Plain, Music: Band, Cleanup: Specialized Materials, ])
104,1,0.574585635359116,ExampleAgent@3,(Offer  bid:Bid[Food: Handmade Food, Drinks: Non-Alcoholic, Location: Party Tent, Invitations: Photo, Music: MP3, Cleanup: Specialized Materials, ])
104,2,0.574585635359116,ParsAgent2@4,(Offer  bid:Bid[Food: Catering, Drinks: Handmade Cocktails, Location: Party Room, Invitations: Custom, Printed, Music: MP3, Cleanup: Water and Soap, ])
104,3,0.574585635359116,ParsCat@5,(Offer  bid:Bid[Food: Chips and Nuts, Drinks: Catering, Location: Ballroom, Invitations: Plain, Music: DJ, Cleanup: Special Equiment, ])
105,1,0.580110497237569,ExampleAgent@3,(Accept  bid:Bid[Food: Chips and Nuts, Drinks: Catering, Location: Ballroom, Invitations: Plain, Music: DJ, Cleanup: Special Equiment, ])
105,2,0.580110497237569,ParsAgent2@4,(Offer  bid:Bid[Food: Catering, Drinks: Handmade Cocktails, Location: Party Room, Invitations: Custom, Printed, Music: MP3, Cleanup: Water and Soap, ])
105,3,0.580110497237569,ParsCat@5,(Offer  bid:Bid[Food: Chips and Nuts, Drinks: Handmade Cocktails, Location: Party Room, Invitations: Photo, Music: MP3, Cleanup: Hired Help, ])
106,1,0.585635359116022,ExampleAgent@3,(Accept  bid:Bid[Food: Chips and Nuts, Drinks: Handmade Cocktails, Location: Party Room, Invitations: Photo, Music: MP3, Cleanup: Hired Help, ])
106,2,0.585635359116022,ParsAgent2@4,(Offer  bid:Bid[Food: Handmade Food, Drinks: Handmade Cocktails, Location: Party Room, Invitations: Custom, Printed, Music: MP3, Cleanup: Water and Soap, ])
106,3,0.585635359116022,ParsCat@5,(Offer  bid:Bid[Food: Finger-Food, Drinks: Handmade Cocktails, Location: Your Dorm, Invitations: Custom, Printed, Music: DJ, Cleanup: Special Equiment, ])
107,1,0.5911602209944752,ExampleAgent@3,(Accept  bid:Bid[Food: Finger-Food, Drinks: Handmade Cocktails, Location: Your Dorm, Invitations: Custom, Printed, Music: DJ, Cleanup: Special Equiment, ])
107,2,0.5911602209944752,ParsAgent2@4,(Offer  bid:Bid[Food: Handmade Food, Drinks: Handmade Cocktails, Location: Party Room, Invitations: Custom, Printed, Music: MP3, Cleanup: Water and Soap, ])
107,3,0.5911602209944752,ParsCat@5,(Offer  bid:Bid[Food: Chips and Nuts, Drinks: Non-Alcoholic, Location: Party Room, Invitations: Custom, Printed, Music: Band, Cleanup: Water and Soap, ])
108,1,0.5966850828729282,ExampleAgent@3,(Accept  bid:Bid[Food: Chips and Nuts, Drinks: Non-Alcoholic, Location: Party Room, Invitations: Custom, Printed, Music: Band, Cleanup: Water and Soap, ])
108,2,0.5966850828729282,ParsAgent2@4,(Offer  bid:Bid[Food: Catering, Drinks: Handmade Cocktails, Location: Party Room, Invitations: Custom, Printed, Music: MP3, Cleanup: Water and Soap, ])
108,3,0.5966850828729282,ParsCat@5,(Offer  bid:Bid[Food: Catering, Drinks: Non-Alcoholic, Location: Party Tent, Invitations: Photo, Music: Band, Cleanup: Specialized Materials, ])
109,1,0.6022099447513812,ExampleAgent@3,(Offer  bid:Bid[Food: Catering, Drinks: Handmade Cocktails, Location: Your Dorm, Invitations: Photo, Music: Band, Cleanup: Specialized Materials, ])
109,2,0.6022099447513812,ParsAgent2@4,(Offer  bid:Bid[Food: Handmade Food, Drinks: Handmade Cocktails, Location: Party Room, Invitations: Custom, Printed, Music: MP3, Cleanup: Water and Soap, ])
109,3,0.6022099447513812,ParsCat@5,(Offer  bid:Bid[Food: Handmade Food, Drinks: Non-Alcoholic, Location: Your Dorm, Invitations: Custom, Handmade, Music: DJ, Cleanup: Hired Help, ])
110,1,0.6077348066298343,ExampleAgent@3,(Accept  bid:Bid[Food: Handmade Food, Drinks: Non-Alcoholic, Location: Your Dorm, Invitations: Custom, Handmade, Music: DJ, Cleanup: Hired Help, ])
110,2,0.6077348066298343,ParsAgent2@4,(Offer  bid:Bid[Food: Handmade Food, Drinks: Handmade Cocktails, Location: Party Room, Invitations: Custom, Printed, Music: MP3, Cleanup: Water and Soap, ])
110,3,0.6077348066298343,ParsCat@5,(Offer  bid:Bid[Food: Chips and Nuts, Drinks: Catering, Location: Your Dorm, Invitations: Custom, Printed, Music: MP3, Cleanup: Hired Help, ])
111,1,0.6132596685082873,ExampleAgent@3,(Accept  bid:Bid[Food: Chips and Nuts, Drinks: Catering, Location: Your Dorm, Invitations: Custom, Printed, Music: MP3, Cleanup: Hired Help, ])
111,2,0.6132596685082873,ParsAgent2@4,(Offer  bid:Bid[Food: Catering, Drinks: Handmade Cocktails, Location: Party Room, Invitations: Custom, Printed, Music: MP3, Cleanup: Water and Soap, ])
111,3,0.6132596685082873,ParsCat@5,(Offer  bid:Bid[Food: Finger-Food, Drinks: Handmade Cocktails, Location: Party Tent, Invitations: Photo, Music: MP3, Cleanup: Water and Soap, ])
112,1,0.6187845303867403,ExampleAgent@3,(Accept  bid:Bid[Food: Finger-Food, Drinks: Handmade Cocktails, Location: Party Tent, Invitations: Photo, Music: MP3, Cleanup: Water and Soap, ])
112,2,0.6187845303867403,ParsAgent2@4,(Offer  bid:Bid[Food: Catering, Drinks: Handmade Cocktails, Location: Party Room, Invitations: Custom, Printed, Music: MP3, Cleanup: Water and Soap, ])
112,3,0.6187845303867403,ParsCat@5,(Offer  bid:Bid[Food: Finger-Food, Drinks: Handmade Cocktails, Location: Party Tent, Invitations: Custom, Handmade, Music: MP3, Cleanup: Water and Soap, ])
113,1,0.6243093922651933,ExampleAgent@3,(Accept  bid:Bid[Food: Finger-Food, Drinks: Handmade Cocktails, Location: Party Tent, Invitations: Custom, Handmade, Music: MP3, Cleanup: Water and Soap, ])
113,2,0.6243093922651933,ParsAgent2@4,(Offer  bid:Bid[Food: Handmade Food, Drinks: Handmade Cocktails, Location: Party Room, Invitations: Custom, Printed, Music: MP3, Cleanup: Water and Soap, ])
113,3,0.6243093922651933,ParsCat@5,(Offer  bid:Bid[Food: Handmade Food, Drinks: Handmade Cocktails, Location: Your Dorm, Invitations: Photo, Music: Band, Cleanup: Hired Help, ])
114,1,0.6298342541436464,ExampleAgent@3,(Offer  bid:Bid[Food: Chips and Nuts, Drinks: Non-Alcoholic, Location: Party Tent, Invitations: Plain, Music: MP3, Cleanup: Specialized Materials, ])
114,2,0.6298342541436464,ParsAgent2@4,(Offer  bid:Bid[Food: Handmade Food, Drinks: Handmade Cocktails, Location: Party Room, Invitations: Custom, Printed, Music: MP3, Cleanup: Water and Soap, ])
114,3,0.6298342541436464,ParsCat@5,(Offer  bid:Bid[Food: Chips and Nuts, Drinks: Handmade Cocktails, Location: Party Room, Invitations: Custom, Handmade, Music: Band, Cleanup: Hired Help, ])
115,1,0.6353591160220995,ExampleAgent@3,(Accept  bid:Bid[Food: Chips and Nuts, Drinks: Handmade Cocktails, Location: Party Room, Invitations: Custom, Handmade, Music: Band, Cleanup: Hired Help, ])
115,2,0.6353591160220995,ParsAgent2@4,(Offer  bid:Bid[Food: Catering, Drinks: Handmade Cocktails, Location: Party Room, Invitations: Custom, Printed, Music: MP3, Cleanup: Water and Soap, ])
115,3,0.6353591160220995,ParsCat@5,(Offer  bid:Bid[Food: Chips and Nuts, Drinks: Beer Only, Location: Your Dorm, Invitations: Photo, Music: MP3, Cleanup: Hired Help, ])
116,1,0.6408839779005525,ExampleAgent@3,(Accept  bid:Bid[Food: Chips and Nuts, Drinks: Beer Only, Location: Your Dorm, Invitations: Photo, Music: MP3, Cleanup: Hired Help, ])
116,2,0.6408839779005525,ParsAgent2@4,(Offer  bid:Bid[Food: Finger-Food, Drinks: Handmade Cocktails, Location: Party Room, Invitations: Custom, Printed, Music: MP3, Cleanup: Water and Soap, ])
116,3,0.6408839779005525,ParsCat@5,(Offer  bid:Bid[Food: Handmade Food, Drinks: Non-Alcoholic, Location: Your Dorm, Invitations: Photo, Music: Band, Cleanup: Water and Soap, ])
117,1,0.6464088397790055,ExampleAgent@3,(Offer  bid:Bid[Food: Handmade Food, Drinks: Beer Only, Location: Ballroom, Invitations: Custom, Handmade, Music: DJ, Cleanup: Water and Soap, ])
117,2,0.6464088397790055,ParsAgent2@4,(Offer  bid:Bid[Food: Catering, Drinks: Handmade Cocktails, Location: Party Room, Invitations: Custom, Printed, Music: MP3, Cleanup: Water and Soap, ])
117,3,0.6464088397790055,ParsCat@5,(Offer  bid:Bid[Food: Finger-Food, Drinks: Non-Alcoholic, Location: Your Dorm, Invitations: Custom, Handmade, Music: Band, Cleanup: Water and Soap, ])
118,1,0.6519337016574586,ExampleAgent@3,(Offer  bid:Bid[Food: Catering, Drinks: Catering, Location: Your Dorm, Invitations: Photo, Music: Band, Cleanup: Water and Soap, ])
118,2,0.6519337016574586,ParsAgent2@4,(Offer  bid:Bid[Food: Handmade Food, Drinks: Handmade Cocktails, Location: Party Room, Invitations: Custom, Printed, Music: MP3, Cleanup: Water and Soap, ])
118,3,0.6519337016574586,ParsCat@5,(Offer  bid:Bid[Food: Finger-Food, Drinks: Catering, Location: Party Tent, Invitations: Plain, Music: MP3, Cleanup: Hired Help, ])
119,1,0.6574585635359116,ExampleAgent@3,(Accept  bid:Bid[Food: Finger-Food, Drinks: Catering, Location: Party Tent, Invitations: Plain, Music: MP3, Cleanup: Hired Help, ])
119,2,0.6574585635359116,ParsAgent2@4,(Offer  bid:Bid[Food: Finger-Food, Drinks: Handmade Cocktails, Location: Party Room, Invitations: Custom, Printed, Music: MP3, Cleanup: Water and Soap, ])
119,3,0.6574585635359116,ParsCat@5,(Offer  bid:Bid[Food: Catering, Drinks: Non-Alcoholic, Location: Party Tent, Invitations: Custom, Handmade, Music: DJ, Cleanup: Specialized Materials, ])
120,1,0.6629834254143646,ExampleAgent@3,(Accept  bid:Bid[Food: Catering, Drinks: Non-Alcoholic, Location: Party Tent, Invitations: Custom, Handmade, Music: DJ, Cleanup: Specialized Materials, ])
120,2,0.6629834254143646,ParsAgent2@4,(Offer  bid:Bid[Food: Handmade Food, Drinks: Handmade Cocktails, Location: Party Room, Invitations: Custom, Printed, Music: MP3, Cleanup: Water and Soap, ])
120,3,0.6629834254143646,ParsCat@5,(Offer  bid:Bid[Food: Catering, Drinks: Non-Alcoholic, Location: Party Tent, Invitations: Photo, Music: MP3, Cleanup: Water and Soap, ])
121,1,0.6685082872928176,ExampleAgent@3,(Accept  bid:Bid[Food: Catering, Drinks: Non-Alcoholic, Location: Party Tent, Invitations: Photo, Music: MP3, Cleanup: Water and Soap, ])
121,2,0.6685082872928176,ParsAgent2@4,(Offer  bid:Bid[Food: Finger-Food, Drinks: Handmade Cocktails, Location: Party Room, Invitations: Custom, Printed, Music: MP3, Cleanup: Water and Soap, ])
121,3,0.6685082872928176,ParsCat@5,(Offer  bid:Bid[Food: Chips and Nuts, Drinks: Catering, Location: Ballroom, Invitations: Custom, Printed, Music: Band, Cleanup: Specialized Materials, ])
122,1,0.6740331491712708,ExampleAgent@3,(Accept  bid:Bid[Food: Chips and Nuts, Drinks: Catering, Location: Ballroom, Invitations: Custom, Printed, Music: Band, Cleanup: Specialized Materials, ])
122,2,0.6740331491712708,ParsAgent2@4,(Offer  bid:Bid[Food: Catering, Drinks: Handmade Cocktails, Location: Party Room, Invitations: Custom, Printed, Music: MP3, Cleanup: Water and Soap, ])
122,3,0.6740331491712708,ParsCat@5,(Offer  bid:Bid[Food: Handmade Food, Drinks: Non-Alcoholic, Location: Party Room, Invitations: Plain, Music: Band, Cleanup: Hired Help, ])
123,1,0.6795580110497238,ExampleAgent@3,(Accept  bid:Bid[Food: Handmade Food, Drinks: Non-Alcoholic, Location: Party Room, Invitations: Plain, Music: Band, Cleanup: Hired Help, ])
123,2,0.6795580110497238,ParsAgent2@4,(Offer  bid:Bid[Food: Catering, Drinks: Handmade Cocktails, Location: Party Room, Invitations: Plain, Music: MP3, Cleanup: Water and Soap, ])
123,3,0.6795580110497238,ParsCat@5,(Offer  bid:Bid[Food: Chips and Nuts, Drinks: Handmade Cocktails, Location: Party Room, Invitations: Custom, Handmade, Music: DJ, Cleanup: Hired Help, ])
124,1,0.6850828729281768,ExampleAgent@3,(Accept  bid:Bid[Food: Chips and Nuts, Drinks: Handmade Cocktails, Location: Party Room, Invitations: Custom, Handmade, Music: DJ, Cleanup: Hired Help, ])
124,2,0.6850828729281768,ParsAgent2@4,(Offer  bid:Bid[Food: Catering, Drinks: Handmade Cocktails, Location: Party Room, Invitations: Custom, Printed, Music: MP3, Cleanup: Water and Soap, ])
124,3,0.6850828729281768,ParsCat@5,(Offer  bid:Bid[Food: Chips and Nuts, Drinks: Handmade Cocktails, Location: Your Dorm, Invitations: Custom, Printed, Music: DJ, Cleanup: Water and Soap, ])
125,1,0.6906077348066298,ExampleAgent@3,(Accept  bid:Bid[Food: Chips and Nuts, Drinks: Handmade Cocktails, Location: Your Dorm, Invitations: Custom, Printed, Music: DJ, Cleanup: Water and Soap, ])
125,2,0.6906077348066298,ParsAgent2@4,(Offer  bid:Bid[Food: Catering, Drinks: Handmade Cocktails, Location: Party Room, Invitations: Custom, Printed, Music: MP3, Cleanup: Water and Soap, ])
125,3,0.6906077348066298,ParsCat@5,(Offer  bid:Bid[Food: Handmade Food, Drinks: Non-Alcoholic, Location: Your Dorm, Invitations: Custom, Handmade, Music: Band, Cleanup: Specialized Materials, ])
126,1,0.6961325966850829,ExampleAgent@3,(Accept  bid:Bid[Food: Handmade Food, Drinks: Non-Alcoholic, Location: Your Dorm, Invitations: Custom, Handmade, Music: Band, Cleanup: Specialized Materials, ])
126,2,0.6961325966850829,ParsAgent2@4,(Offer  bid:Bid[Food: Catering, Drinks: Handmade Cocktails, Location: Party Room, Invitations: Plain, Music: MP3, Cleanup: Water and Soap, ])
126,3,0.6961325966850829,ParsCat@5,(Offer  bid:Bid[Food: Finger-Food, Drinks: Non-Alcoholic, Location: Your Dorm, Invitations: Custom, Handmade, Music: DJ, Cleanup: Specialized Materials, ])
127,1,0.7016574585635359,ExampleAgent@3,(Accept  bid:Bid[Food: Finger-Food, Drinks: Non-Alcoholic, Location: Your Dorm, Invitations: Custom, Handmade, Music: DJ, Cleanup: Specialized Materials, ])
127,2,0.7016574585635359,ParsAgent2@4,(Offer  bid:Bid[Food: Chips and Nuts, Drinks: Handmade Cocktails, Location: Party Room, Invitations: Plain, Music: MP3, Cleanup: Water and Soap, ])
127,3,0.7016574585635359,ParsCat@5,(Offer  bid:Bid[Food: Catering, Drinks: Non-Alcoholic, Location: Your Dorm, Invitations: Photo, Music: DJ, Cleanup: Hired Help, ])
128,1,0.7071823204419889,ExampleAgent@3,(Accept  bid:Bid[Food: Catering, Drinks: Non-Alcoholic, Location: Your Dorm, Invitations: Photo, Music: DJ, Cleanup: Hired Help, ])
128,2,0.7071823204419889,ParsAgent2@4,(Offer  bid:Bid[Food: Catering, Drinks: Handmade Cocktails, Location: Party Room, Invitations: Custom, Printed, Music: MP3, Cleanup: Water and Soap, ])
128,3,0.7071823204419889,ParsCat@5,(Offer  bid:Bid[Food: Handmade Food, Drinks: Handmade Cocktails, Location: Party Tent, Invitations: Custom, Printed, Music: MP3, Cleanup: Water and Soap, ])
129,1,0.712707182320442,ExampleAgent@3,(Accept  bid:Bid[Food: Handmade Food, Drinks: Handmade Cocktails, Location: Party Tent, Invitations: Custom, Printed, Music: MP3, Cleanup: Water and Soap, ])
129,2,0.712707182320442,ParsAgent2@4,(Offer  bid:Bid[Food: Handmade Food, Drinks: Handmade Cocktails, Location: Party Room, Invitations: Custom, Printed, Music: MP3, Cleanup: Water and Soap, ])
129,3,0.712707182320442,ParsCat@5,(Offer  bid:Bid[Food: Finger-Food, Drinks: Non-Alcoholic, Location: Your Dorm, Invitations: Custom, Printed, Music: DJ, Cleanup: Water and Soap, ])
130,1,0.7182320441988951,ExampleAgent@3,(Accept  bid:Bid[Food: Finger-Food, Drinks: Non-Alcoholic, Location: Your Dorm, Invitations: Custom, Printed, Music: DJ, Cleanup: Water and Soap, ])
130,2,0.7182320441988951,ParsAgent2@4,(Offer  bid:Bid[Food: Handmade Food, Drinks: Handmade Cocktails, Location: Party Tent, Invitations: Custom, Printed, Music: MP3, Cleanup: Water and Soap, ])
130,3,0.7182320441988951,ParsCat@5,(Offer  bid:Bid[Food: Chips and Nuts, Drinks: Handmade Cocktails, Location: Party Room, Invitations: Custom, Handmade, Music: Band, Cleanup: Special Equiment, ])
131,1,0.7237569060773481,ExampleAgent@3,(Accept  bid:Bid[Food: Chips and Nuts, Drinks: Handmade Cocktails, Location: Party Room, Invitations: Custom, Handmade, Music: Band, Cleanup: Special Equiment, ])
131,2,0.7237569060773481,ParsAgent2@4,(Offer  bid:Bid[Food: Finger-Food, Drinks: Handmade Cocktails, Location: Party Room, Invitations: Custom, Printed, Music: MP3, Cleanup: Water and Soap, ])
131,3,0.7237569060773481,ParsCat@5,(Offer  bid:Bid[Food: Chips and Nuts, Drinks: Catering, Location: Ballroom, Invitations: Photo, Music: MP3, Cleanup: Specialized Materials, ])
132,1,0.7292817679558011,ExampleAgent@3,(Accept  bid:Bid[Food: Chips and Nuts, Drinks: Catering, Location: Ballroom, Invitations: Photo, Music: MP3, Cleanup: Specialized Materials, ])
132,2,0.7292817679558011,ParsAgent2@4,(Offer  bid:Bid[Food: Catering, Drinks: Handmade Cocktails, Location: Party Tent, Invitations: Custom, Printed, Music: MP3, Cleanup: Water and Soap, ])
132,3,0.7292817679558011,ParsCat@5,(Offer  bid:Bid[Food: Chips and Nuts, Drinks: Handmade Cocktails, Location: Party Room, Invitations: Plain, Music: Band, Cleanup: Specialized Materials, ])
133,1,0.7348066298342542,ExampleAgent@3,(Accept  bid:Bid[Food: Chips and Nuts, Drinks: Handmade Cocktails, Location: Party Room, Invitations: Plain, Music: Band, Cleanup: Specialized Materials, ])
133,2,0.7348066298342542,ParsAgent2@4,(Offer  bid:Bid[Food: Chips and Nuts, Drinks: Handmade Cocktails, Location: Party Room, Invitations: Custom, Printed, Music: Band, Cleanup: Water and Soap, ])
133,3,0.7348066298342542,ParsCat@5,(Offer  bid:Bid[Food: Handmade Food, Drinks: Handmade Cocktails, Location: Ballroom, Invitations: Plain, Music: DJ, Cleanup: Specialized Materials, ])
134,1,0.7403314917127072,ExampleAgent@3,(Accept  bid:Bid[Food: Handmade Food, Drinks: Handmade Cocktails, Location: Ballroom, Invitations: Plain, Music: DJ, Cleanup: Specialized Materials, ])
134,2,0.7403314917127072,ParsAgent2@4,(Offer  bid:Bid[Food: Catering, Drinks: Handmade Cocktails, Location: Party Room, Invitations: Custom, Printed, Music: DJ, Cleanup: Water and Soap, ])
134,3,0.7403314917127072,ParsCat@5,(Offer  bid:Bid[Food: Finger-Food, Drinks: Beer Only, Location: Ballroom, Invitations: Custom, Printed, Music: MP3, Cleanup: Hired Help, ])
135,1,0.7458563535911602,ExampleAgent@3,(Accept  bid:Bid[Food: Finger-Food, Drinks: Beer Only, Location: Ballroom, Invitations: Custom, Printed, Music: MP3, Cleanup: Hired Help, ])
135,2,0.7458563535911602,ParsAgent2@4,(Offer  bid:Bid[Food: Chips and Nuts, Drinks: Handmade Cocktails, Location: Party Room, Invitations: Plain, Music: Band, Cleanup: Water and Soap, ])
135,3,0.7458563535911602,ParsCat@5,(Offer  bid:Bid[Food: Finger-Food, Drinks: Non-Alcoholic, Location: Party Room, Invitations: Plain, Music: MP3, Cleanup: Specialized Materials, ])
136,1,0.7513812154696132,ExampleAgent@3,(Accept  bid:Bid[Food: Finger-Food, Drinks: Non-Alcoholic, Location: Party Room, Invitations: Plain, Music: MP3, Cleanup: Specialized Materials, ])
136,2,0.7513812154696132,ParsAgent2@4,(Offer  bid:Bid[Food: Catering, Drinks: Handmade Cocktails, Location: Your Dorm, Invitations: Custom, Printed, Music: MP3, Cleanup: Water and Soap, ])
136,3,0.7513812154696132,ParsCat@5,(Offer  bid:Bid[Food: Handmade Food, Drinks: Handmade Cocktails, Location: Ballroom, Invitations: Custom, Printed, Music: MP3, Cleanup: Specialized Materials, ])
137,1,0.7569060773480663,ExampleAgent@3,(Accept  bid:Bid[Food: Handmade Food, Drinks: Handmade Cocktails, Location: Ballroom, Invitations: Custom, Printed, Music: MP3, Cleanup: Specialized Materials, ])
137,2,0.7569060773480663,ParsAgent2@4,(Offer  bid:Bid[Food: Catering, Drinks: Handmade Cocktails, Location: Party Room, Invitations: Custom, Printed, Music: MP3, Cleanup: Water and Soap, ])
137,3,0.7569060773480663,ParsCat@5,(Offer  bid:Bid[Food: Catering, Drinks: Handmade Cocktails, Location: Your Dorm, Invitations: Plain, Music: MP3, Cleanup: Hired Help, ])
138,1,0.7624309392265194,ExampleAgent@3,(Accept  bid:Bid[Food: Catering, Drinks: Handmade Cocktails, Location: Your Dorm, Invitations: Plain, Music: MP3, Cleanup: Hired Help, ])
138,2,0.7624309392265194,ParsAgent2@4,(Offer  bid:Bid[Food: Catering, Drinks: Handmade Cocktails, Location: Party Room, Invitations: Custom, Printed, Music: MP3, Cleanup: Water and Soap, ])
138,3,0.7624309392265194,ParsCat@5,(Offer  bid:Bid[Food: Chips and Nuts, Drinks: Catering, Location: Party Tent, Invitations: Custom, Handmade, Music: MP3, Cleanup: Water and Soap, ])
139,1,0.7679558011049724,ExampleAgent@3,(Accept  bid:Bid[Food: Chips and Nuts, Drinks: Catering, Location: Party Tent, Invitations: Custom, Handmade, Music: MP3, Cleanup: Water and Soap, ])
139,2,0.7679558011049724,ParsAgent2@4,(Offer  bid:Bid[Food: Chips and Nuts, Drinks: Handmade Cocktails, Location: Your Dorm, Invitations: Custom, Printed, Music: MP3, Cleanup: Water and Soap, ])
139,3,0.7679558011049724,ParsCat@5,(Accept  bid:Bid[Food: Chips and Nuts, Drinks: Handmade Cocktails, Location: Your Dorm, Invitations: Custom, Printed, Music: MP3, Cleanup: Water and Soap, ])
140,1,0.7734806629834254,ExampleAgent@3,(Accept  bid:Bid[Food: Chips and Nuts, Drinks: Handmade Cocktails, Location: Your Dorm, Invitations: Custom, Printed, Music: MP3, Cleanup: Water and Soap, ])
agreement,Bid[Food: Chips and Nuts, Drinks: Handmade Cocktails, Location: Your Dorm, Invitations: Custom, Printed, Music: MP3, Cleanup: Water and Soap, ],0.6425000000000001,0.8413511805074789,0.8067368680099107
